Dataset,Phase,Fold,SVM_Accuracy,SVM_Accuracy_Std,SVM_F1,SVM_F1_Std,SVM_Params,kNN_Accuracy,kNN_Accuracy_Std,kNN_F1,kNN_F1_Std,kNN_Params,Decision Tree_Accuracy,Decision Tree_Accuracy_Std,Decision Tree_F1,Decision Tree_F1_Std,Decision Tree_Params,Random Forest_Accuracy,Random Forest_Accuracy_Std,Random Forest_F1,Random Forest_F1_Std,Random Forest_Params,MLP_Accuracy,MLP_Accuracy_Std,MLP_F1,MLP_F1_Std,MLP_Params
Dataset1,Phase1_Baseline,Fold 1,0.986444,0.0,0.737238,0.0,{'classifier__estimator__C': 10},0.990615,0.0,0.736839,0.0,"{'classifier__n_neighbors': 5, 'classifier__weights': 'distance'}",1.0,0.0,1.0,0.0,"{'classifier__max_depth': 10, 'classifier__min_samples_split': 2}",1.0,0.0,1.0,0.0,"{'classifier__max_depth': None, 'classifier__n_estimators': 100}",0.982273,0.0,0.732937,0.0,"{'classifier__alpha': 0.0001, 'classifier__hidden_layer_sizes': (128,)}"
Dataset1,Phase1_Baseline,Fold 2,0.987487,0.000521,0.734141,0.001548,{'classifier__estimator__C': 10},0.991658,0.000521,0.734435,0.001202,"{'classifier__n_neighbors': 3, 'classifier__weights': 'distance'}",1.0,0.0,1.0,0.0,"{'classifier__max_depth': 10, 'classifier__min_samples_split': 2}",1.0,0.0,1.0,0.0,"{'classifier__max_depth': None, 'classifier__n_estimators': 100}",0.985401,0.001564,0.732177,0.00038,"{'classifier__alpha': 0.001, 'classifier__hidden_layer_sizes': (64,)}"
Dataset1,Phase1_Baseline,Fold 3,0.980188,0.003223,0.726462,0.00453,{'classifier__estimator__C': 10},0.983316,0.003711,0.726014,0.004641,"{'classifier__n_neighbors': 5, 'classifier__weights': 'distance'}",1.0,0.0,1.0,0.0,"{'classifier__max_depth': 10, 'classifier__min_samples_split': 10}",1.0,0.0,1.0,0.0,"{'classifier__max_depth': None, 'classifier__n_estimators': 200}",0.974974,0.004369,0.71043,0.010435,"{'classifier__alpha': 0.0001, 'classifier__hidden_layer_sizes': (64,)}"
Dataset1,Phase1_Baseline,Fold 4,0.983299,0.002857,0.977322,0.106034,{'classifier__estimator__C': 10},0.982255,0.004209,0.965887,0.10117,"{'classifier__n_neighbors': 3, 'classifier__weights': 'distance'}",1.0,0.0,1.0,0.0,"{'classifier__max_depth': 10, 'classifier__min_samples_split': 2}",1.0,0.0,1.0,0.0,"{'classifier__max_depth': None, 'classifier__n_estimators': 200}",0.974948,0.004574,0.95969,0.101947,"{'classifier__alpha': 0.0001, 'classifier__hidden_layer_sizes': (128,)}"
Dataset1,Phase1_Baseline,Fold 5,0.985386,0.002589,0.980278,0.120661,{'classifier__estimator__C': 10},0.984342,0.003907,0.967285,0.11477,"{'classifier__n_neighbors': 3, 'classifier__weights': 'distance'}",1.0,0.0,1.0,0.0,"{'classifier__max_depth': 10, 'classifier__min_samples_split': 2}",1.0,0.0,1.0,0.0,"{'classifier__max_depth': None, 'classifier__n_estimators': 100}",0.984342,0.004544,0.978932,0.120026,"{'classifier__alpha': 0.0001, 'classifier__hidden_layer_sizes': (128,)}"
Dataset1,Phase1_Baseline,Fold 6,0.982255,0.002515,0.975837,0.122648,{'classifier__estimator__C': 10},0.985386,0.003588,0.980951,0.119614,"{'classifier__n_neighbors': 3, 'classifier__weights': 'distance'}",1.0,0.0,1.0,0.0,"{'classifier__max_depth': 10, 'classifier__min_samples_split': 2}",1.0,0.0,1.0,0.0,"{'classifier__max_depth': None, 'classifier__n_estimators': 200}",0.975992,0.00446,0.961236,0.121102,"{'classifier__alpha': 0.0001, 'classifier__hidden_layer_sizes': (128,)}"
Dataset1,Phase1_Baseline,Fold 7,0.975992,0.003691,0.954882,0.118786,{'classifier__estimator__C': 10},0.984342,0.003389,0.973209,0.118598,"{'classifier__n_neighbors': 5, 'classifier__weights': 'distance'}",1.0,0.0,1.0,0.0,"{'classifier__max_depth': 10, 'classifier__min_samples_split': 2}",1.0,0.0,1.0,0.0,"{'classifier__max_depth': None, 'classifier__n_estimators': 50}",0.974948,0.004445,0.959407,0.118946,"{'classifier__alpha': 0.0001, 'classifier__hidden_layer_sizes': (128,)}"
Dataset1,Phase1_Baseline,Fold 8,0.973904,0.004581,0.719241,0.121713,{'classifier__estimator__C': 10},0.983299,0.003293,0.730291,0.120078,"{'classifier__n_neighbors': 3, 'classifier__weights': 'distance'}",1.0,0.0,1.0,0.0,"{'classifier__max_depth': 10, 'classifier__min_samples_split': 2}",0.998956,0.000345,0.998976,0.000339,"{'classifier__max_depth': None, 'classifier__n_estimators': 100}",0.97286,0.004625,0.963128,0.116171,"{'classifier__alpha': 0.0001, 'classifier__hidden_layer_sizes': (128,)}"
Dataset1,Phase1_Baseline,Fold 9,0.971816,0.005351,0.707587,0.123249,{'classifier__estimator__C': 10},0.983299,0.003191,0.716151,0.120978,"{'classifier__n_neighbors': 3, 'classifier__weights': 'distance'}",1.0,0.0,1.0,0.0,"{'classifier__max_depth': 10, 'classifier__min_samples_split': 2}",1.0,0.000328,1.0,0.000322,"{'classifier__max_depth': None, 'classifier__n_estimators': 50}",0.966597,0.005688,0.693796,0.123409,"{'classifier__alpha': 0.0001, 'classifier__hidden_layer_sizes': (128,)}"
Dataset1,Phase1_Baseline,Fold 10,0.978079,0.005139,0.723866,0.121566,{'classifier__estimator__C': 10},0.987474,0.003091,0.729739,0.119178,"{'classifier__n_neighbors': 3, 'classifier__weights': 'distance'}",1.0,0.0,1.0,0.0,"{'classifier__max_depth': 10, 'classifier__min_samples_split': 2}",0.996868,0.000957,0.996929,0.000938,"{'classifier__max_depth': None, 'classifier__n_estimators': 50}",0.973904,0.005472,0.710617,0.124794,"{'classifier__alpha': 0.001, 'classifier__hidden_layer_sizes': (128,)}"
Dataset1,Phase2_ReliefF,Fold 1,0.846715,0.0,0.478646,0.0,{'classifier__estimator__C': 10},0.998957,0.0,0.998982,0.0,"{'classifier__n_neighbors': 3, 'classifier__weights': 'distance'}",1.0,0.0,1.0,0.0,"{'classifier__max_depth': 10, 'classifier__min_samples_split': 2}",1.0,0.0,1.0,0.0,"{'classifier__max_depth': 10, 'classifier__n_estimators': 50}",0.839416,0.0,0.441928,0.0,"{'classifier__alpha': 0.0001, 'classifier__hidden_layer_sizes': (64,)}"
Dataset1,Phase2_ReliefF,Fold 2,0.820647,0.013034,0.225501,0.126572,{'classifier__estimator__C': 1},0.997914,0.000521,0.989266,0.004858,"{'classifier__n_neighbors': 3, 'classifier__weights': 'distance'}",1.0,0.0,1.0,0.0,"{'classifier__max_depth': 10, 'classifier__min_samples_split': 2}",1.0,0.0,1.0,0.0,"{'classifier__max_depth': 10, 'classifier__n_estimators': 50}",0.919708,0.040146,0.63905,0.098561,"{'classifier__alpha': 0.0001, 'classifier__hidden_layer_sizes': (128,)}"
Dataset1,Phase2_ReliefF,Fold 3,0.840459,0.011112,0.450048,0.113197,{'classifier__estimator__C': 10},0.996872,0.000851,0.743768,0.118086,"{'classifier__n_neighbors': 21, 'classifier__weights': 'distance'}",1.0,0.0,1.0,0.0,"{'classifier__max_depth': 10, 'classifier__min_samples_split': 2}",1.0,0.0,1.0,0.0,"{'classifier__max_depth': 10, 'classifier__n_estimators': 50}",0.835245,0.03887,0.409091,0.101553,"{'classifier__alpha': 0.0001, 'classifier__hidden_layer_sizes': (64,)}"
Dataset1,Phase2_ReliefF,Fold 4,0.821503,0.011475,0.300669,0.104571,{'classifier__estimator__C': 1},0.996868,0.000865,0.995951,0.108728,"{'classifier__n_neighbors': 3, 'classifier__weights': 'distance'}",1.0,0.0,1.0,0.0,"{'classifier__max_depth': 10, 'classifier__min_samples_split': 2}",1.0,0.0,1.0,0.0,"{'classifier__max_depth': 10, 'classifier__n_estimators': 50}",0.906054,0.038111,0.824291,0.166906,"{'classifier__alpha': 0.0001, 'classifier__hidden_layer_sizes': (128,)}"
Dataset1,Phase2_ReliefF,Fold 5,0.822547,0.010985,0.300878,0.09685,{'classifier__estimator__C': 1},0.997912,0.000781,0.997279,0.100695,"{'classifier__n_neighbors': 5, 'classifier__weights': 'distance'}",1.0,0.0,1.0,0.0,"{'classifier__max_depth': 10, 'classifier__min_samples_split': 2}",1.0,0.0,1.0,0.0,"{'classifier__max_depth': 10, 'classifier__n_estimators': 50}",0.911273,0.03703,0.841234,0.182547,"{'classifier__alpha': 0.0001, 'classifier__hidden_layer_sizes': (128,)}"
Dataset1,Phase2_ReliefF,Fold 6,0.822547,0.010443,0.300878,0.090374,{'classifier__estimator__C': 1},1.0,0.001113,1.0,0.094175,"{'classifier__n_neighbors': 5, 'classifier__weights': 'distance'}",1.0,0.0,1.0,0.0,"{'classifier__max_depth': 10, 'classifier__min_samples_split': 2}",1.0,0.0,1.0,0.0,"{'classifier__max_depth': 10, 'classifier__n_estimators': 50}",0.915449,0.035986,0.855743,0.186487,"{'classifier__alpha': 0.0001, 'classifier__hidden_layer_sizes': (128,)}"
Dataset1,Phase2_ReliefF,Fold 7,0.846555,0.011442,0.631136,0.131084,{'classifier__estimator__C': 10},1.0,0.001229,1.0,0.088649,"{'classifier__n_neighbors': 11, 'classifier__weights': 'distance'}",1.0,0.0,1.0,0.0,"{'classifier__max_depth': 10, 'classifier__min_samples_split': 2}",1.0,0.0,1.0,0.0,"{'classifier__max_depth': 10, 'classifier__n_estimators': 50}",0.837161,0.037745,0.553523,0.177283,"{'classifier__alpha': 0.0001, 'classifier__hidden_layer_sizes': (64,)}"
Dataset1,Phase2_ReliefF,Fold 8,0.822547,0.011111,0.225788,0.13331,{'classifier__estimator__C': 1},1.0,0.001271,1.0,0.083934,"{'classifier__n_neighbors': 5, 'classifier__weights': 'distance'}",1.0,0.0,1.0,0.0,"{'classifier__max_depth': 10, 'classifier__min_samples_split': 2}",1.0,0.0,1.0,0.0,"{'classifier__max_depth': 10, 'classifier__n_estimators': 50}",0.913361,0.036931,0.631385,0.165975,"{'classifier__alpha': 0.0001, 'classifier__hidden_layer_sizes': (128,)}"
Dataset1,Phase2_ReliefF,Fold 9,0.822547,0.010765,0.225788,0.133,{'classifier__estimator__C': 1},0.997912,0.001216,0.997959,0.079782,"{'classifier__n_neighbors': 21, 'classifier__weights': 'distance'}",1.0,0.0,1.0,0.0,"{'classifier__max_depth': 10, 'classifier__min_samples_split': 2}",1.0,0.0,1.0,0.0,"{'classifier__max_depth': 10, 'classifier__n_estimators': 50}",0.913361,0.035964,0.631385,0.156587,"{'classifier__alpha': 0.0001, 'classifier__hidden_layer_sizes': (128,)}"
Dataset1,Phase2_ReliefF,Fold 10,0.822547,0.010427,0.225788,0.131462,{'classifier__estimator__C': 1},0.998956,0.001162,0.998976,0.076211,"{'classifier__n_neighbors': 3, 'classifier__weights': 'distance'}",1.0,0.0,1.0,0.0,"{'classifier__max_depth': 10, 'classifier__min_samples_split': 2}",1.0,0.0,1.0,0.0,"{'classifier__max_depth': 10, 'classifier__n_estimators': 50}",0.914405,0.035034,0.633164,0.148614,"{'classifier__alpha': 0.0001, 'classifier__hidden_layer_sizes': (128,)}"
Dataset2,Phase1_Baseline,Fold 1,0.927007,0.0,0.434172,0.0,{'classifier__estimator__C': 1},0.963504,0.0,0.611296,0.0,"{'classifier__n_neighbors': 5, 'classifier__weights': 'distance'}",0.967675,0.0,0.692824,0.0,"{'classifier__max_depth': None, 'classifier__min_samples_split': 2}",0.970803,0.0,0.653189,0.0,"{'classifier__max_depth': None, 'classifier__n_estimators': 200}",0.953076,0.0,0.522967,0.0,"{'classifier__alpha': 0.001, 'classifier__hidden_layer_sizes': (64,)}"
Dataset2,Phase1_Baseline,Fold 2,0.915537,0.005735,0.418053,0.00806,{'classifier__estimator__C': 10},0.941606,0.010949,0.5642,0.023548,"{'classifier__n_neighbors': 3, 'classifier__weights': 'distance'}",0.950991,0.008342,0.547366,0.072729,"{'classifier__max_depth': None, 'classifier__min_samples_split': 2}",0.954119,0.008342,0.587799,0.032695,"{'classifier__max_depth': None, 'classifier__n_estimators': 100}",0.936392,0.008342,0.449115,0.036926,"{'classifier__alpha': 0.0001, 'classifier__hidden_layer_sizes': (128,)}"
Dataset2,Phase1_Baseline,Fold 3,0.923879,0.004841,0.429199,0.00674,{'classifier__estimator__C': 10},0.960375,0.00967,0.568187,0.021324,"{'classifier__n_neighbors': 3, 'classifier__weights': 'distance'}",0.95829,0.006829,0.5563,0.066564,"{'classifier__max_depth': 10, 'classifier__min_samples_split': 2}",0.960375,0.006882,0.517407,0.055445,"{'classifier__max_depth': None, 'classifier__n_estimators': 100}",0.944734,0.006811,0.455457,0.03342,"{'classifier__alpha': 0.0001, 'classifier__hidden_layer_sizes': (128,)}"
Dataset2,Phase1_Baseline,Fold 4,0.922756,0.004201,0.427079,0.005837,{'classifier__estimator__C': 10},0.948852,0.008809,0.635295,0.029818,"{'classifier__n_neighbors': 3, 'classifier__weights': 'distance'}",0.957203,0.005964,0.625139,0.058761,"{'classifier__max_depth': 20, 'classifier__min_samples_split': 2}",0.960334,0.005992,0.610244,0.049139,"{'classifier__max_depth': None, 'classifier__n_estimators': 200}",0.944676,0.005899,0.50875,0.032259,"{'classifier__alpha': 0.0001, 'classifier__hidden_layer_sizes': (128,)}"
Dataset2,Phase1_Baseline,Fold 5,0.919624,0.003906,0.419911,0.005965,{'classifier__estimator__C': 10},0.950939,0.00795,0.566769,0.028923,"{'classifier__n_neighbors': 5, 'classifier__weights': 'distance'}",0.94572,0.007399,0.500782,0.067184,"{'classifier__max_depth': 10, 'classifier__min_samples_split': 2}",0.949896,0.007066,0.582079,0.044136,"{'classifier__max_depth': None, 'classifier__n_estimators': 50}",0.942589,0.005344,0.48103,0.028879,"{'classifier__alpha': 0.0001, 'classifier__hidden_layer_sizes': (128,)}"
Dataset2,Phase1_Baseline,Fold 6,0.933194,0.005556,0.439823,0.007578,{'classifier__estimator__C': 1},0.960334,0.007747,0.61577,0.028205,"{'classifier__n_neighbors': 3, 'classifier__weights': 'distance'}",0.969729,0.008479,0.667955,0.068769,"{'classifier__max_depth': None, 'classifier__min_samples_split': 5}",0.970772,0.007779,0.58512,0.040334,"{'classifier__max_depth': None, 'classifier__n_estimators': 50}",0.949896,0.005307,0.510612,0.028238,"{'classifier__alpha': 0.0001, 'classifier__hidden_layer_sizes': (128,)}"
Dataset2,Phase1_Baseline,Fold 7,0.915449,0.005893,0.413358,0.008695,{'classifier__estimator__C': 1},0.951983,0.007217,0.591228,0.026126,"{'classifier__n_neighbors': 3, 'classifier__weights': 'distance'}",0.960334,0.007883,0.503422,0.071819,"{'classifier__max_depth': 10, 'classifier__min_samples_split': 2}",0.963466,0.007251,0.610565,0.038076,"{'classifier__max_depth': None, 'classifier__n_estimators': 50}",0.940501,0.005184,0.450049,0.029321,"{'classifier__alpha': 0.001, 'classifier__hidden_layer_sizes': (128,)}"
Dataset2,Phase1_Baseline,Fold 8,0.930063,0.006055,0.434341,0.008595,{'classifier__estimator__C': 10},0.960334,0.007074,0.591202,0.024448,"{'classifier__n_neighbors': 3, 'classifier__weights': 'distance'}",0.960334,0.007397,0.542806,0.068603,"{'classifier__max_depth': 10, 'classifier__min_samples_split': 10}",0.963466,0.006818,0.576123,0.036018,"{'classifier__max_depth': None, 'classifier__n_estimators': 50}",0.947808,0.004967,0.502216,0.028186,"{'classifier__alpha': 0.0001, 'classifier__hidden_layer_sizes': (128,)}"
Dataset2,Phase1_Baseline,Fold 9,0.930063,0.006076,0.435059,0.008491,{'classifier__estimator__C': 1},0.958246,0.00676,0.674568,0.034475,"{'classifier__n_neighbors': 3, 'classifier__weights': 'distance'}",0.961378,0.007022,0.593625,0.06483,"{'classifier__max_depth': 20, 'classifier__min_samples_split': 2}",0.969729,0.00691,0.692077,0.046647,"{'classifier__max_depth': None, 'classifier__n_estimators': 100}",0.951983,0.005177,0.511708,0.027866,"{'classifier__alpha': 0.001, 'classifier__hidden_layer_sizes': (64,)}"
Dataset2,Phase1_Baseline,Fold 10,0.929019,0.005945,0.435242,0.008352,{'classifier__estimator__C': 10},0.956159,0.006421,0.548284,0.036468,"{'classifier__n_neighbors': 3, 'classifier__weights': 'distance'}",0.963466,0.006791,0.647905,0.064683,"{'classifier__max_depth': 20, 'classifier__min_samples_split': 10}",0.962422,0.006556,0.59634,0.044281,"{'classifier__max_depth': None, 'classifier__n_estimators': 200}",0.93737,0.005516,0.471898,0.026873,"{'classifier__alpha': 0.001, 'classifier__hidden_layer_sizes': (128,)}"
Dataset2,Phase2_ReliefF,Fold 1,0.86757,0.0,0.326854,0.0,{'classifier__estimator__C': 1},0.962461,0.0,0.672004,0.0,"{'classifier__n_neighbors': 3, 'classifier__weights': 'distance'}",0.967675,0.0,0.650279,0.0,"{'classifier__max_depth': 20, 'classifier__min_samples_split': 2}",0.968717,0.0,0.674031,0.0,"{'classifier__max_depth': None, 'classifier__n_estimators': 100}",0.93952,0.0,0.452737,0.0,"{'classifier__alpha': 0.0001, 'classifier__hidden_layer_sizes': (128,)}"
Dataset2,Phase2_ReliefF,Fold 2,0.871741,0.002086,0.339124,0.006135,{'classifier__estimator__C': 10},0.940563,0.010949,0.601104,0.03545,"{'classifier__n_neighbors': 3, 'classifier__weights': 'distance'}",0.945777,0.010949,0.587409,0.031435,"{'classifier__max_depth': 20, 'classifier__min_samples_split': 2}",0.952033,0.008342,0.609743,0.032144,"{'classifier__max_depth': None, 'classifier__n_estimators': 50}",0.922836,0.008342,0.431713,0.010512,"{'classifier__alpha': 0.001, 'classifier__hidden_layer_sizes': (128,)}"
Dataset2,Phase2_ReliefF,Fold 3,0.865485,0.002601,0.321843,0.007259,{'classifier__estimator__C': 1},0.955162,0.009104,0.564603,0.04459,"{'classifier__n_neighbors': 5, 'classifier__weights': 'distance'}",0.962461,0.00934,0.603976,0.026606,"{'classifier__max_depth': None, 'classifier__min_samples_split': 2}",0.961418,0.006829,0.58596,0.037201,"{'classifier__max_depth': None, 'classifier__n_estimators': 200}",0.892596,0.019421,0.377341,0.031768,"{'classifier__alpha': 0.0001, 'classifier__hidden_layer_sizes': (128,)}"
Dataset2,Phase2_ReliefF,Fold 4,0.843424,0.01099,0.296487,0.015527,{'classifier__estimator__C': 1},0.944676,0.008621,0.58588,0.040308,"{'classifier__n_neighbors': 5, 'classifier__weights': 'distance'}",0.950939,0.008748,0.608598,0.023155,"{'classifier__max_depth': 20, 'classifier__min_samples_split': 2}",0.947808,0.008139,0.597476,0.034094,"{'classifier__max_depth': None, 'classifier__n_estimators': 200}",0.924843,0.017055,0.432978,0.02803,"{'classifier__alpha': 0.0001, 'classifier__hidden_layer_sizes': (128,)}"
Dataset2,Phase2_ReliefF,Fold 5,0.856994,0.010036,0.301798,0.015885,{'classifier__estimator__C': 1},0.935282,0.009877,0.521969,0.049263,"{'classifier__n_neighbors': 3, 'classifier__weights': 'distance'}",0.946764,0.008779,0.567629,0.027423,"{'classifier__max_depth': None, 'classifier__min_samples_split': 2}",0.946764,0.008451,0.569858,0.035813,"{'classifier__max_depth': None, 'classifier__n_estimators': 50}",0.929019,0.01568,0.434827,0.025463,"{'classifier__alpha': 0.0001, 'classifier__hidden_layer_sizes': (128,)}"
Dataset2,Phase2_ReliefF,Fold 6,0.866388,0.009376,0.316451,0.014504,{'classifier__estimator__C': 1},0.948852,0.009028,0.531872,0.049774,"{'classifier__n_neighbors': 3, 'classifier__weights': 'distance'}",0.961378,0.008389,0.604893,0.025038,"{'classifier__max_depth': None, 'classifier__min_samples_split': 2}",0.965553,0.008601,0.597927,0.032883,"{'classifier__max_depth': None, 'classifier__n_estimators': 100}",0.929019,0.014567,0.435942,0.023543,"{'classifier__alpha': 0.0001, 'classifier__hidden_layer_sizes': (128,)}"
Dataset2,Phase2_ReliefF,Fold 7,0.859081,0.008738,0.313409,0.01349,{'classifier__estimator__C': 1},0.954071,0.008639,0.606122,0.047009,"{'classifier__n_neighbors': 5, 'classifier__weights': 'distance'}",0.955115,0.00777,0.600815,0.023204,"{'classifier__max_depth': 20, 'classifier__min_samples_split': 2}",0.953027,0.008087,0.573089,0.032529,"{'classifier__max_depth': None, 'classifier__n_estimators': 200}",0.908142,0.01445,0.402414,0.023509,"{'classifier__alpha': 0.0001, 'classifier__hidden_layer_sizes': (128,)}"
Dataset2,Phase2_ReliefF,Fold 8,0.85595,0.008379,0.292264,0.014961,{'classifier__estimator__C': 1},0.951983,0.008153,0.584492,0.043974,"{'classifier__n_neighbors': 3, 'classifier__weights': 'distance'}",0.961378,0.007505,0.584813,0.022557,"{'classifier__max_depth': 20, 'classifier__min_samples_split': 2}",0.963466,0.00791,0.611135,0.030606,"{'classifier__max_depth': None, 'classifier__n_estimators': 50}",0.944676,0.015646,0.458574,0.024787,"{'classifier__alpha': 0.0001, 'classifier__hidden_layer_sizes': (128,)}"
Dataset2,Phase2_ReliefF,Fold 9,0.866388,0.00809,0.323856,0.014474,{'classifier__estimator__C': 1},0.946764,0.007722,0.584787,0.041461,"{'classifier__n_neighbors': 3, 'classifier__weights': 'distance'}",0.956159,0.007076,0.579742,0.022296,"{'classifier__max_depth': None, 'classifier__min_samples_split': 5}",0.95929,0.007482,0.604701,0.028865,"{'classifier__max_depth': None, 'classifier__n_estimators': 200}",0.914405,0.015045,0.410414,0.024037,"{'classifier__alpha': 0.0001, 'classifier__hidden_layer_sizes': (64,)}"
Dataset2,Phase2_ReliefF,Fold 10,0.864301,0.007723,0.319071,0.013794,{'classifier__estimator__C': 1},0.951983,0.007385,0.507121,0.045543,"{'classifier__n_neighbors': 3, 'classifier__weights': 'distance'}",0.961378,0.006877,0.558609,0.02433,"{'classifier__max_depth': 10, 'classifier__min_samples_split': 2}",0.961378,0.00719,0.56678,0.029423,"{'classifier__max_depth': None, 'classifier__n_estimators': 100}",0.895616,0.016436,0.385448,0.025892,"{'classifier__alpha': 0.0001, 'classifier__hidden_layer_sizes': (64,)}"
Dataset3,Phase1_Baseline,Fold 1,0.850886,0.0,0.316886,0.0,{'classifier__estimator__C': 1},0.885297,0.0,0.592516,0.0,"{'classifier__n_neighbors': 5, 'classifier__weights': 'distance'}",0.876955,0.0,0.5504,0.0,"{'classifier__max_depth': 20, 'classifier__min_samples_split': 2}",0.881126,0.0,0.549503,0.0,"{'classifier__max_depth': None, 'classifier__n_estimators': 100}",0.861314,0.0,0.447166,0.0,"{'classifier__alpha': 0.0001, 'classifier__hidden_layer_sizes': (64,)}"
Dataset3,Phase1_Baseline,Fold 2,0.848801,0.001043,0.299043,0.008922,{'classifier__estimator__C': 1},0.893639,0.004171,0.570264,0.011126,"{'classifier__n_neighbors': 5, 'classifier__weights': 'distance'}",0.882169,0.002607,0.531382,0.009509,"{'classifier__max_depth': 20, 'classifier__min_samples_split': 2}",0.890511,0.004692,0.546118,0.001693,"{'classifier__max_depth': None, 'classifier__n_estimators': 100}",0.852972,0.004171,0.329955,0.058606,"{'classifier__alpha': 0.0001, 'classifier__hidden_layer_sizes': (128,)}"
Dataset3,Phase1_Baseline,Fold 3,0.857143,0.003545,0.322167,0.009894,{'classifier__estimator__C': 10},0.887383,0.003545,0.599689,0.012527,"{'classifier__n_neighbors': 5, 'classifier__weights': 'distance'}",0.895725,0.007911,0.621844,0.038943,"{'classifier__max_depth': 20, 'classifier__min_samples_split': 5}",0.891554,0.004689,0.592992,0.021344,"{'classifier__max_depth': None, 'classifier__n_estimators': 50}",0.880083,0.011338,0.515937,0.076781,"{'classifier__alpha': 0.001, 'classifier__hidden_layer_sizes': (64,)}"
Dataset3,Phase1_Baseline,Fold 4,0.850731,0.003142,0.319026,0.008996,{'classifier__estimator__C': 1},0.887265,0.003138,0.589948,0.010901,"{'classifier__n_neighbors': 5, 'classifier__weights': 'distance'}",0.881002,0.007061,0.549167,0.034685,"{'classifier__max_depth': 20, 'classifier__min_samples_split': 10}",0.897704,0.005928,0.585285,0.020877,"{'classifier__max_depth': 10, 'classifier__n_estimators': 50}",0.877871,0.011335,0.488992,0.071074,"{'classifier__alpha': 0.001, 'classifier__hidden_layer_sizes': (64,)}"
Dataset3,Phase1_Baseline,Fold 5,0.845511,0.003796,0.302858,0.009253,{'classifier__estimator__C': 1},0.888309,0.002807,0.57879,0.010438,"{'classifier__n_neighbors': 3, 'classifier__weights': 'distance'}",0.88309,0.006325,0.559182,0.031065,"{'classifier__max_depth': 20, 'classifier__min_samples_split': 5}",0.894572,0.00558,0.592119,0.020932,"{'classifier__max_depth': None, 'classifier__n_estimators': 200}",0.891441,0.013793,0.551026,0.076306,"{'classifier__alpha': 0.0001, 'classifier__hidden_layer_sizes': (64,)}"
Dataset3,Phase1_Baseline,Fold 6,0.849687,0.003482,0.29398,0.01079,{'classifier__estimator__C': 1},0.897704,0.004318,0.612475,0.013652,"{'classifier__n_neighbors': 3, 'classifier__weights': 'distance'}",0.901879,0.008877,0.61763,0.035042,"{'classifier__max_depth': 20, 'classifier__min_samples_split': 10}",0.90501,0.00727,0.6266,0.027588,"{'classifier__max_depth': None, 'classifier__n_estimators': 200}",0.882046,0.013061,0.525296,0.07301,"{'classifier__alpha': 0.0001, 'classifier__hidden_layer_sizes': (64,)}"
Dataset3,Phase1_Baseline,Fold 7,0.850731,0.003225,0.298099,0.010692,{'classifier__estimator__C': 1},0.898747,0.005049,0.596,0.012779,"{'classifier__n_neighbors': 3, 'classifier__weights': 'distance'}",0.899791,0.009391,0.590165,0.033087,"{'classifier__max_depth': 10, 'classifier__min_samples_split': 2}",0.897704,0.006896,0.598666,0.026191,"{'classifier__max_depth': None, 'classifier__n_estimators': 50}",0.862213,0.012809,0.364801,0.078063,"{'classifier__alpha': 0.001, 'classifier__hidden_layer_sizes': (64,)}"
Dataset3,Phase1_Baseline,Fold 8,0.850731,0.003018,0.287505,0.011979,{'classifier__estimator__C': 1},0.893528,0.004786,0.618453,0.014934,"{'classifier__n_neighbors': 3, 'classifier__weights': 'distance'}",0.89666,0.009175,0.585588,0.031176,"{'classifier__max_depth': 10, 'classifier__min_samples_split': 2}",0.907098,0.007765,0.630566,0.028856,"{'classifier__max_depth': None, 'classifier__n_estimators': 50}",0.853862,0.013484,0.291295,0.091988,"{'classifier__alpha': 0.001, 'classifier__hidden_layer_sizes': (128,)}"
Dataset3,Phase1_Baseline,Fold 9,0.852818,0.002935,0.325322,0.012983,{'classifier__estimator__C': 10},0.88309,0.005227,0.596078,0.014086,"{'classifier__n_neighbors': 3, 'classifier__weights': 'distance'}",0.887265,0.008682,0.575103,0.029393,"{'classifier__max_depth': None, 'classifier__min_samples_split': 2}",0.888309,0.007677,0.583486,0.027288,"{'classifier__max_depth': None, 'classifier__n_estimators': 100}",0.853862,0.013713,0.309524,0.095839,"{'classifier__alpha': 0.001, 'classifier__hidden_layer_sizes': (128,)}"
Dataset3,Phase1_Baseline,Fold 10,0.852818,0.002851,0.304417,0.012345,{'classifier__estimator__C': 10},0.895616,0.005186,0.606419,0.013802,"{'classifier__n_neighbors': 5, 'classifier__weights': 'distance'}",0.89666,0.008521,0.577858,0.027893,"{'classifier__max_depth': 10, 'classifier__min_samples_split': 10}",0.895616,0.007287,0.586908,0.025899,"{'classifier__max_depth': None, 'classifier__n_estimators': 100}",0.856994,0.013453,0.319934,0.096219,"{'classifier__alpha': 0.001, 'classifier__hidden_layer_sizes': (128,)}"
Dataset3,Phase2_ReliefF,Fold 1,0.84463,0.0,0.238483,0.0,{'classifier__estimator__C': 1},0.868613,0.0,0.515098,0.0,"{'classifier__n_neighbors': 3, 'classifier__weights': 'distance'}",0.864442,0.0,0.49956,0.0,"{'classifier__max_depth': 20, 'classifier__min_samples_split': 10}",0.872784,0.0,0.535699,0.0,"{'classifier__max_depth': None, 'classifier__n_estimators': 200}",0.849844,0.0,0.28159,0.0,"{'classifier__alpha': 0.0001, 'classifier__hidden_layer_sizes': (128,)}"
Dataset3,Phase2_ReliefF,Fold 2,0.843587,0.000521,0.22879,0.004847,{'classifier__estimator__C': 1},0.889468,0.010428,0.566937,0.02592,"{'classifier__n_neighbors': 3, 'classifier__weights': 'distance'}",0.881126,0.008342,0.530329,0.015385,"{'classifier__max_depth': 10, 'classifier__min_samples_split': 2}",0.88634,0.006778,0.543894,0.004098,"{'classifier__max_depth': None, 'classifier__n_estimators': 50}",0.843587,0.003128,0.22879,0.0264,"{'classifier__alpha': 0.0001, 'classifier__hidden_layer_sizes': (64,)}"
Dataset3,Phase2_ReliefF,Fold 3,0.843587,0.000492,0.229049,0.00451,{'classifier__estimator__C': 1},0.879041,0.008514,0.553192,0.021928,"{'classifier__n_neighbors': 11, 'classifier__weights': 'distance'}",0.882169,0.008122,0.572129,0.02974,"{'classifier__max_depth': 10, 'classifier__min_samples_split': 10}",0.885297,0.006159,0.580537,0.019494,"{'classifier__max_depth': None, 'classifier__n_estimators': 200}",0.854015,0.004285,0.331331,0.041869,"{'classifier__alpha': 0.001, 'classifier__hidden_layer_sizes': (128,)}"
Dataset3,Phase2_ReliefF,Fold 4,0.846555,0.001212,0.256933,0.011437,{'classifier__estimator__C': 1},0.88309,0.007579,0.553766,0.019359,"{'classifier__n_neighbors': 21, 'classifier__weights': 'distance'}",0.88309,0.00769,0.55912,0.027957,"{'classifier__max_depth': 20, 'classifier__min_samples_split': 10}",0.881002,0.005338,0.547218,0.017092,"{'classifier__max_depth': None, 'classifier__n_estimators': 100}",0.850731,0.003774,0.31227,0.03877,"{'classifier__alpha': 0.0001, 'classifier__hidden_layer_sizes': (128,)}"
Dataset3,Phase2_ReliefF,Fold 5,0.844468,0.001085,0.228919,0.010898,{'classifier__estimator__C': 1},0.884134,0.006973,0.548933,0.017328,"{'classifier__n_neighbors': 3, 'classifier__weights': 'distance'}",0.885177,0.007499,0.565268,0.026929,"{'classifier__max_depth': 20, 'classifier__min_samples_split': 2}",0.885177,0.005013,0.55802,0.015486,"{'classifier__max_depth': None, 'classifier__n_estimators': 100}",0.891441,0.017095,0.509714,0.09504,"{'classifier__alpha': 0.0001, 'classifier__hidden_layer_sizes': (128,)}"
Dataset3,Phase2_ReliefF,Fold 6,0.843424,0.001078,0.228766,0.010351,{'classifier__estimator__C': 1},0.894572,0.00816,0.584808,0.021039,"{'classifier__n_neighbors': 5, 'classifier__weights': 'distance'}",0.899791,0.010283,0.618849,0.036824,"{'classifier__max_depth': 10, 'classifier__min_samples_split': 5}",0.887265,0.004962,0.551183,0.014154,"{'classifier__max_depth': None, 'classifier__n_estimators': 200}",0.86952,0.016193,0.424769,0.093292,"{'classifier__alpha': 0.001, 'classifier__hidden_layer_sizes': (128,)}"
Dataset3,Phase2_ReliefF,Fold 7,0.845511,0.001074,0.238612,0.009659,{'classifier__estimator__C': 1},0.882046,0.007565,0.535734,0.020478,"{'classifier__n_neighbors': 11, 'classifier__weights': 'distance'}",0.887265,0.009658,0.560695,0.03411,"{'classifier__max_depth': 20, 'classifier__min_samples_split': 5}",0.888309,0.004958,0.522431,0.016863,"{'classifier__max_depth': 10, 'classifier__n_estimators': 200}",0.851775,0.015256,0.304579,0.087703,"{'classifier__alpha': 0.0001, 'classifier__hidden_layer_sizes': (64,)}"
Dataset3,Phase2_ReliefF,Fold 8,0.844468,0.001005,0.229178,0.009285,{'classifier__estimator__C': 1},0.887265,0.007216,0.559486,0.01935,"{'classifier__n_neighbors': 21, 'classifier__weights': 'distance'}",0.887265,0.009129,0.575453,0.032425,"{'classifier__max_depth': 10, 'classifier__min_samples_split': 2}",0.891441,0.005291,0.576013,0.018222,"{'classifier__max_depth': None, 'classifier__n_estimators': 100}",0.847599,0.014736,0.304904,0.082944,"{'classifier__alpha': 0.001, 'classifier__hidden_layer_sizes': (64,)}"
Dataset3,Phase2_ReliefF,Fold 9,0.846555,0.001142,0.247243,0.009583,{'classifier__estimator__C': 1},0.876827,0.007122,0.544622,0.0184,"{'classifier__n_neighbors': 5, 'classifier__weights': 'distance'}",0.872651,0.009291,0.529247,0.032079,"{'classifier__max_depth': None, 'classifier__min_samples_split': 2}",0.879958,0.005207,0.540458,0.01755,"{'classifier__max_depth': None, 'classifier__n_estimators': 100}",0.872651,0.014705,0.433572,0.083856,"{'classifier__alpha': 0.0001, 'classifier__hidden_layer_sizes': (128,)}"
Dataset3,Phase2_ReliefF,Fold 10,0.844468,0.001087,0.245802,0.009535,{'classifier__estimator__C': 10},0.888309,0.006957,0.586318,0.020358,"{'classifier__n_neighbors': 11, 'classifier__weights': 'distance'}",0.889353,0.009048,0.59474,0.032498,"{'classifier__max_depth': None, 'classifier__min_samples_split': 2}",0.894572,0.005842,0.59972,0.022233,"{'classifier__max_depth': 10, 'classifier__n_estimators': 200}",0.866388,0.014125,0.435363,0.083764,"{'classifier__alpha': 0.0001, 'classifier__hidden_layer_sizes': (64,)}"
Dataset4,Phase1_Baseline,Fold 1,0.860271,0.0,0.289071,0.0,{'classifier__estimator__C': 10},0.870699,0.0,0.514614,0.0,"{'classifier__n_neighbors': 3, 'classifier__weights': 'uniform'}",0.863399,0.0,0.464504,0.0,"{'classifier__max_depth': None, 'classifier__min_samples_split': 2}",0.866528,0.0,0.511633,0.0,"{'classifier__max_depth': None, 'classifier__n_estimators': 50}",0.866528,0.0,0.406677,0.0,"{'classifier__alpha': 0.0001, 'classifier__hidden_layer_sizes': (64,)}"
Dataset4,Phase1_Baseline,Fold 2,0.849844,0.005214,0.270235,0.009418,{'classifier__estimator__C': 1},0.866528,0.002086,0.501408,0.006603,"{'classifier__n_neighbors': 3, 'classifier__weights': 'distance'}",0.872784,0.004692,0.528451,0.031974,"{'classifier__max_depth': 20, 'classifier__min_samples_split': 2}",0.870699,0.002086,0.51927,0.003819,"{'classifier__max_depth': 10, 'classifier__n_estimators': 50}",0.854015,0.006257,0.244485,0.081096,"{'classifier__alpha': 0.001, 'classifier__hidden_layer_sizes': (64,)}"
Dataset4,Phase1_Baseline,Fold 3,0.855057,0.004257,0.295505,0.010723,{'classifier__estimator__C': 1},0.864442,0.002601,0.481161,0.013757,"{'classifier__n_neighbors': 3, 'classifier__weights': 'uniform'}",0.866528,0.003902,0.526769,0.029757,"{'classifier__max_depth': None, 'classifier__min_samples_split': 2}",0.868613,0.001703,0.516887,0.00319,"{'classifier__max_depth': None, 'classifier__n_estimators': 200}",0.866528,0.005899,0.41429,0.078314,"{'classifier__alpha': 0.0001, 'classifier__hidden_layer_sizes': (128,)}"
Dataset4,Phase1_Baseline,Fold 4,0.853862,0.003723,0.267136,0.012068,{'classifier__estimator__C': 10},0.859081,0.004184,0.50011,0.011923,"{'classifier__n_neighbors': 3, 'classifier__weights': 'uniform'}",0.850731,0.008037,0.489164,0.02685,"{'classifier__max_depth': 10, 'classifier__min_samples_split': 5}",0.870564,0.001699,0.518153,0.002926,"{'classifier__max_depth': None, 'classifier__n_estimators': 50}",0.866388,0.005398,0.409549,0.071796,"{'classifier__alpha': 0.0001, 'classifier__hidden_layer_sizes': (128,)}"
Dataset4,Phase1_Baseline,Fold 5,0.854906,0.00333,0.283745,0.010873,{'classifier__estimator__C': 10},0.858038,0.00471,0.511386,0.011705,"{'classifier__n_neighbors': 5, 'classifier__weights': 'distance'}",0.870564,0.007744,0.528268,0.026178,"{'classifier__max_depth': None, 'classifier__min_samples_split': 5}",0.864301,0.002449,0.520298,0.003029,"{'classifier__max_depth': None, 'classifier__n_estimators': 100}",0.85595,0.005667,0.378009,0.064323,"{'classifier__alpha': 0.0001, 'classifier__hidden_layer_sizes': (64,)}"
Dataset4,Phase1_Baseline,Fold 6,0.85595,0.003071,0.282351,0.009936,{'classifier__estimator__C': 1},0.859081,0.004639,0.454683,0.020534,"{'classifier__n_neighbors': 3, 'classifier__weights': 'uniform'}",0.850731,0.008802,0.456397,0.030542,"{'classifier__max_depth': 10, 'classifier__min_samples_split': 10}",0.866388,0.002329,0.476331,0.015498,"{'classifier__max_depth': None, 'classifier__n_estimators': 50}",0.845511,0.007999,0.336715,0.060061,"{'classifier__alpha': 0.0001, 'classifier__hidden_layer_sizes': (128,)}"
Dataset4,Phase1_Baseline,Fold 7,0.848643,0.003606,0.271955,0.009767,{'classifier__estimator__C': 1},0.858038,0.00463,0.45145,0.024125,"{'classifier__n_neighbors': 3, 'classifier__weights': 'uniform'}",0.865344,0.008211,0.472255,0.029776,"{'classifier__max_depth': None, 'classifier__min_samples_split': 5}",0.872651,0.002734,0.483799,0.017108,"{'classifier__max_depth': 10, 'classifier__n_estimators': 200}",0.844468,0.009014,0.317191,0.058064,"{'classifier__alpha': 0.001, 'classifier__hidden_layer_sizes': (128,)}"
Dataset4,Phase1_Baseline,Fold 8,0.851775,0.003458,0.274681,0.009304,{'classifier__estimator__C': 1},0.870564,0.005126,0.517076,0.024552,"{'classifier__n_neighbors': 3, 'classifier__weights': 'uniform'}",0.86952,0.00799,0.463895,0.029706,"{'classifier__max_depth': 10, 'classifier__min_samples_split': 2}",0.870564,0.002644,0.49939,0.016181,"{'classifier__max_depth': 10, 'classifier__n_estimators': 200}",0.854906,0.008461,0.404052,0.056397,"{'classifier__alpha': 0.0001, 'classifier__hidden_layer_sizes': (64,)}"
Dataset4,Phase1_Baseline,Fold 9,0.848643,0.003639,0.254844,0.01167,{'classifier__estimator__C': 1},0.861169,0.004879,0.475262,0.023703,"{'classifier__n_neighbors': 3, 'classifier__weights': 'uniform'}",0.86952,0.007752,0.510036,0.028625,"{'classifier__max_depth': None, 'classifier__min_samples_split': 2}",0.865344,0.002717,0.500576,0.015341,"{'classifier__max_depth': 10, 'classifier__n_estimators': 100}",0.871608,0.009238,0.401747,0.054488,"{'classifier__alpha': 0.001, 'classifier__hidden_layer_sizes': (128,)}"
Dataset4,Phase1_Baseline,Fold 10,0.848643,0.003715,0.281021,0.01115,{'classifier__estimator__C': 1},0.856994,0.004975,0.47281,0.023049,"{'classifier__n_neighbors': 3, 'classifier__weights': 'distance'}",0.856994,0.007678,0.50846,0.027534,"{'classifier__max_depth': 10, 'classifier__min_samples_split': 5}",0.865344,0.002737,0.506159,0.014557,"{'classifier__max_depth': None, 'classifier__n_estimators': 200}",0.856994,0.008774,0.384478,0.051925,"{'classifier__alpha': 0.0001, 'classifier__hidden_layer_sizes': (128,)}"
Dataset4,Phase2_ReliefF,Fold 1,0.854015,0.0,0.237695,0.0,{'classifier__estimator__C': 1},0.872784,0.0,0.516556,0.0,"{'classifier__n_neighbors': 3, 'classifier__weights': 'uniform'}",0.871741,0.0,0.52165,0.0,"{'classifier__max_depth': 10, 'classifier__min_samples_split': 2}",0.87487,0.0,0.553109,0.0,"{'classifier__max_depth': None, 'classifier__n_estimators': 50}",0.851929,0.0,0.289869,0.0,"{'classifier__alpha': 0.0001, 'classifier__hidden_layer_sizes': (128,)}"
Dataset4,Phase2_ReliefF,Fold 2,0.859228,0.002607,0.286149,0.024227,{'classifier__estimator__C': 1},0.861314,0.005735,0.517463,0.000454,"{'classifier__n_neighbors': 3, 'classifier__weights': 'uniform'}",0.861314,0.005214,0.533992,0.006171,"{'classifier__max_depth': 20, 'classifier__min_samples_split': 5}",0.850886,0.011992,0.458428,0.047341,"{'classifier__max_depth': None, 'classifier__n_estimators': 50}",0.855057,0.001564,0.319363,0.014747,"{'classifier__alpha': 0.0001, 'classifier__hidden_layer_sizes': (64,)}"
Dataset4,Phase2_ReliefF,Fold 3,0.851929,0.00307,0.230011,0.024851,{'classifier__estimator__C': 1},0.873827,0.005669,0.533144,0.007615,"{'classifier__n_neighbors': 3, 'classifier__weights': 'uniform'}",0.865485,0.004285,0.529986,0.005141,"{'classifier__max_depth': 10, 'classifier__min_samples_split': 2}",0.869656,0.010299,0.520452,0.039268,"{'classifier__max_depth': None, 'classifier__n_estimators': 50}",0.854015,0.001301,0.244485,0.030797,"{'classifier__alpha': 0.0001, 'classifier__hidden_layer_sizes': (128,)}"
Dataset4,Phase2_ReliefF,Fold 4,0.853862,0.002708,0.230423,0.023341,{'classifier__estimator__C': 1},0.868476,0.004923,0.53962,0.009958,"{'classifier__n_neighbors': 3, 'classifier__weights': 'uniform'}",0.862213,0.004089,0.496775,0.014458,"{'classifier__max_depth': None, 'classifier__min_samples_split': 5}",0.868476,0.009036,0.492831,0.034873,"{'classifier__max_depth': 10, 'classifier__n_estimators': 50}",0.856994,0.001829,0.263925,0.02813,"{'classifier__alpha': 0.0001, 'classifier__hidden_layer_sizes': (128,)}"
Dataset4,Phase2_ReliefF,Fold 5,0.853862,0.002449,0.237517,0.021155,{'classifier__estimator__C': 1},0.865344,0.004652,0.537931,0.009976,"{'classifier__n_neighbors': 3, 'classifier__weights': 'distance'}",0.859081,0.004398,0.49712,0.015983,"{'classifier__max_depth': None, 'classifier__min_samples_split': 5}",0.865344,0.008086,0.514455,0.031365,"{'classifier__max_depth': None, 'classifier__n_estimators': 50}",0.856994,0.001916,0.298936,0.026345,"{'classifier__alpha': 0.0001, 'classifier__hidden_layer_sizes': (64,)}"
Dataset4,Phase2_ReliefF,Fold 6,0.853862,0.002251,0.237573,0.019477,{'classifier__estimator__C': 1},0.868476,0.004247,0.514314,0.010614,"{'classifier__n_neighbors': 3, 'classifier__weights': 'uniform'}",0.864301,0.004017,0.488984,0.017707,"{'classifier__max_depth': None, 'classifier__min_samples_split': 5}",0.860125,0.007683,0.471969,0.031602,"{'classifier__max_depth': None, 'classifier__n_estimators': 50}",0.852818,0.001928,0.230141,0.031162,"{'classifier__alpha': 0.001, 'classifier__hidden_layer_sizes': (128,)}"
Dataset4,Phase2_ReliefF,Fold 7,0.850731,0.002459,0.229966,0.01862,{'classifier__estimator__C': 10},0.854906,0.006137,0.482832,0.018169,"{'classifier__n_neighbors': 3, 'classifier__weights': 'uniform'}",0.853862,0.005145,0.473598,0.021069,"{'classifier__max_depth': 20, 'classifier__min_samples_split': 5}",0.859081,0.007398,0.467972,0.031571,"{'classifier__max_depth': None, 'classifier__n_estimators': 50}",0.850731,0.002248,0.340534,0.036974,"{'classifier__alpha': 0.001, 'classifier__hidden_layer_sizes': (128,)}"
Dataset4,Phase2_ReliefF,Fold 8,0.851775,0.002408,0.237008,0.017476,{'classifier__estimator__C': 1},0.870564,0.0059,0.53598,0.017773,"{'classifier__n_neighbors': 3, 'classifier__weights': 'uniform'}",0.874739,0.006274,0.542233,0.023062,"{'classifier__max_depth': None, 'classifier__min_samples_split': 5}",0.875783,0.007932,0.541204,0.032948,"{'classifier__max_depth': None, 'classifier__n_estimators': 50}",0.852818,0.002144,0.230141,0.038887,"{'classifier__alpha': 0.0001, 'classifier__hidden_layer_sizes': (64,)}"
Dataset4,Phase2_ReliefF,Fold 9,0.852818,0.002286,0.230141,0.016813,{'classifier__estimator__C': 1},0.863257,0.005683,0.491686,0.019311,"{'classifier__n_neighbors': 3, 'classifier__weights': 'uniform'}",0.862213,0.005944,0.482645,0.023444,"{'classifier__max_depth': None, 'classifier__min_samples_split': 2}",0.85595,0.008061,0.471074,0.032601,"{'classifier__max_depth': None, 'classifier__n_estimators': 50}",0.851775,0.00213,0.243832,0.038131,"{'classifier__alpha': 0.001, 'classifier__hidden_layer_sizes': (128,)}"
Dataset4,Phase2_ReliefF,Fold 10,0.850731,0.002329,0.230096,0.016204,{'classifier__estimator__C': 1},0.867432,0.005398,0.553435,0.021056,"{'classifier__n_neighbors': 3, 'classifier__weights': 'uniform'}",0.866388,0.005689,0.553891,0.026246,"{'classifier__max_depth': None, 'classifier__min_samples_split': 2}",0.863257,0.007656,0.51742,0.031415,"{'classifier__max_depth': None, 'classifier__n_estimators': 100}",0.859081,0.00259,0.336348,0.040797,"{'classifier__alpha': 0.001, 'classifier__hidden_layer_sizes': (128,)}"
Dataset5,Phase1_Baseline,Fold 1,0.970803,0.0,0.904862,0.0,{'classifier__estimator__C': 10},0.98123,0.0,0.942946,0.0,"{'classifier__n_neighbors': 3, 'classifier__weights': 'distance'}",1.0,0.0,1.0,0.0,"{'classifier__max_depth': 10, 'classifier__min_samples_split': 10}",0.997914,0.0,0.997897,0.0,"{'classifier__max_depth': None, 'classifier__n_estimators': 50}",0.970803,0.0,0.909358,0.0,"{'classifier__alpha': 0.0001, 'classifier__hidden_layer_sizes': (128,)}"
Dataset5,Phase1_Baseline,Fold 2,0.973931,0.001564,0.934056,0.014597,{'classifier__estimator__C': 10},0.978102,0.001564,0.940778,0.001084,"{'classifier__n_neighbors': 3, 'classifier__weights': 'distance'}",1.0,0.0,1.0,0.0,"{'classifier__max_depth': 10, 'classifier__min_samples_split': 2}",1.0,0.001043,1.0,0.001052,"{'classifier__max_depth': None, 'classifier__n_estimators': 100}",0.965589,0.002607,0.915831,0.003237,"{'classifier__alpha': 0.0001, 'classifier__hidden_layer_sizes': (128,)}"
Dataset5,Phase1_Baseline,Fold 3,0.982273,0.004841,0.981404,0.03154,{'classifier__estimator__C': 10},0.987487,0.003902,0.982752,0.019296,"{'classifier__n_neighbors': 3, 'classifier__weights': 'distance'}",1.0,0.0,1.0,0.0,"{'classifier__max_depth': 10, 'classifier__min_samples_split': 2}",1.0,0.000983,1.0,0.000992,"{'classifier__max_depth': None, 'classifier__n_estimators': 200}",0.980188,0.00604,0.96612,0.02537,"{'classifier__alpha': 0.0001, 'classifier__hidden_layer_sizes': (128,)}"
Dataset5,Phase1_Baseline,Fold 4,0.978079,0.004321,0.967412,0.029763,{'classifier__estimator__C': 10},0.983299,0.003408,0.968212,0.017595,"{'classifier__n_neighbors': 3, 'classifier__weights': 'distance'}",1.0,0.0,1.0,0.0,"{'classifier__max_depth': 10, 'classifier__min_samples_split': 2}",1.0,0.000903,1.0,0.000911,"{'classifier__max_depth': None, 'classifier__n_estimators': 200}",0.979123,0.006031,0.973375,0.028783,"{'classifier__alpha': 0.0001, 'classifier__hidden_layer_sizes': (64,)}"
Dataset5,Phase1_Baseline,Fold 5,0.98643,0.005608,0.981362,0.029972,{'classifier__estimator__C': 10},0.984342,0.003133,0.97087,0.016476,"{'classifier__n_neighbors': 3, 'classifier__weights': 'distance'}",1.0,0.0,1.0,0.0,"{'classifier__max_depth': 10, 'classifier__min_samples_split': 2}",1.0,0.000834,1.0,0.000841,"{'classifier__max_depth': None, 'classifier__n_estimators': 200}",0.971816,0.00546,0.94877,0.025923,"{'classifier__alpha': 0.0001, 'classifier__hidden_layer_sizes': (128,)}"
Dataset5,Phase1_Baseline,Fold 6,0.97286,0.005506,0.970537,0.028061,{'classifier__estimator__C': 10},0.980167,0.003035,0.971848,0.015564,"{'classifier__n_neighbors': 3, 'classifier__weights': 'distance'}",1.0,0.0,1.0,0.0,"{'classifier__max_depth': 10, 'classifier__min_samples_split': 2}",1.0,0.000777,1.0,0.000784,"{'classifier__max_depth': None, 'classifier__n_estimators': 100}",0.964509,0.006006,0.95646,0.024214,"{'classifier__alpha': 0.0001, 'classifier__hidden_layer_sizes': (128,)}"
Dataset5,Phase1_Baseline,Fold 7,0.982255,0.005374,0.956726,0.02598,{'classifier__estimator__C': 10},0.984342,0.002888,0.975964,0.015117,"{'classifier__n_neighbors': 5, 'classifier__weights': 'distance'}",1.0,0.0,1.0,0.0,"{'classifier__max_depth': 10, 'classifier__min_samples_split': 2}",0.998956,0.00076,0.998951,0.000766,"{'classifier__max_depth': None, 'classifier__n_estimators': 50}",0.971816,0.005561,0.938247,0.022542,"{'classifier__alpha': 0.001, 'classifier__hidden_layer_sizes': (64,)}"
Dataset5,Phase1_Baseline,Fold 8,0.985386,0.005576,0.960107,0.024329,{'classifier__estimator__C': 10},0.982255,0.002706,0.96654,0.014153,"{'classifier__n_neighbors': 3, 'classifier__weights': 'distance'}",0.998956,0.000345,0.98245,0.005804,"{'classifier__max_depth': 10, 'classifier__min_samples_split': 2}",1.0,0.000726,1.0,0.000732,"{'classifier__max_depth': None, 'classifier__n_estimators': 50}",0.982255,0.006214,0.952613,0.021276,"{'classifier__alpha': 0.0001, 'classifier__hidden_layer_sizes': (128,)}"
Dataset5,Phase1_Baseline,Fold 9,0.988518,0.006048,0.988113,0.024928,{'classifier__estimator__C': 10},0.988518,0.003147,0.979771,0.014129,"{'classifier__n_neighbors': 5, 'classifier__weights': 'distance'}",1.0,0.000328,1.0,0.005515,"{'classifier__max_depth': 10, 'classifier__min_samples_split': 2}",1.0,0.000695,1.0,0.000701,"{'classifier__max_depth': None, 'classifier__n_estimators': 50}",0.977035,0.005977,0.96718,0.021226,"{'classifier__alpha': 0.0001, 'classifier__hidden_layer_sizes': (128,)}"
Dataset5,Phase1_Baseline,Fold 10,0.979123,0.005745,0.973475,0.023966,{'classifier__estimator__C': 10},0.983299,0.002986,0.969542,0.013432,"{'classifier__n_neighbors': 5, 'classifier__weights': 'distance'}",1.0,0.000313,1.0,0.005265,"{'classifier__max_depth': 10, 'classifier__min_samples_split': 2}",1.0,0.000668,1.0,0.000673,"{'classifier__max_depth': None, 'classifier__n_estimators': 200}",0.975992,0.005713,0.965854,0.020872,"{'classifier__alpha': 0.001, 'classifier__hidden_layer_sizes': (128,)}"
Dataset5,Phase2_ReliefF,Fold 1,0.834202,0.0,0.695792,0.0,{'classifier__estimator__C': 10},0.989572,0.0,0.96465,0.0,"{'classifier__n_neighbors': 5, 'classifier__weights': 'distance'}",1.0,0.0,1.0,0.0,"{'classifier__max_depth': 10, 'classifier__min_samples_split': 2}",1.0,0.0,1.0,0.0,"{'classifier__max_depth': 10, 'classifier__n_estimators': 50}",0.906152,0.0,0.789046,0.0,"{'classifier__alpha': 0.0001, 'classifier__hidden_layer_sizes': (128,)}"
Dataset5,Phase2_ReliefF,Fold 2,0.8561,0.010949,0.530652,0.08257,{'classifier__estimator__C': 10},0.973931,0.007821,0.768418,0.098116,"{'classifier__n_neighbors': 3, 'classifier__weights': 'distance'}",1.0,0.0,1.0,0.0,"{'classifier__max_depth': 10, 'classifier__min_samples_split': 2}",1.0,0.0,1.0,0.0,"{'classifier__max_depth': None, 'classifier__n_estimators': 50}",0.954119,0.023983,0.687524,0.050761,"{'classifier__alpha': 0.001, 'classifier__hidden_layer_sizes': (128,)}"
Dataset5,Phase2_ReliefF,Fold 3,0.855057,0.010086,0.554259,0.072923,{'classifier__estimator__C': 1},0.979145,0.006503,0.802955,0.085534,"{'classifier__n_neighbors': 3, 'classifier__weights': 'distance'}",1.0,0.0,1.0,0.0,"{'classifier__max_depth': 10, 'classifier__min_samples_split': 2}",1.0,0.0,1.0,0.0,"{'classifier__max_depth': None, 'classifier__n_estimators': 100}",0.904067,0.023119,0.611544,0.072715,"{'classifier__alpha': 0.0001, 'classifier__hidden_layer_sizes': (128,)}"
Dataset5,Phase2_ReliefF,Fold 4,0.819415,0.01531,0.225186,0.17156,{'classifier__estimator__C': 1},0.994781,0.008242,0.968702,0.091326,"{'classifier__n_neighbors': 5, 'classifier__weights': 'distance'}",1.0,0.0,1.0,0.0,"{'classifier__max_depth': 10, 'classifier__min_samples_split': 2}",1.0,0.0,1.0,0.0,"{'classifier__max_depth': 10, 'classifier__n_estimators': 50}",0.897704,0.022507,0.596337,0.07635,"{'classifier__alpha': 0.0001, 'classifier__hidden_layer_sizes': (128,)}"
Dataset5,Phase2_ReliefF,Fold 5,0.831942,0.014185,0.439112,0.155463,{'classifier__estimator__C': 10},0.997912,0.009151,0.997921,0.095098,"{'classifier__n_neighbors': 11, 'classifier__weights': 'distance'}",1.0,0.0,1.0,0.0,"{'classifier__max_depth': 10, 'classifier__min_samples_split': 2}",1.0,0.0,1.0,0.0,"{'classifier__max_depth': 10, 'classifier__n_estimators': 50}",0.963466,0.027806,0.704445,0.069579,"{'classifier__alpha': 0.0001, 'classifier__hidden_layer_sizes': (128,)}"
Dataset5,Phase2_ReliefF,Fold 6,0.846555,0.013225,0.537135,0.143046,{'classifier__estimator__C': 10},0.97286,0.009891,0.716578,0.110617,"{'classifier__n_neighbors': 5, 'classifier__weights': 'distance'}",1.0,0.0,1.0,0.0,"{'classifier__max_depth': 10, 'classifier__min_samples_split': 2}",1.0,0.0,1.0,0.0,"{'classifier__max_depth': None, 'classifier__n_estimators': 50}",0.907098,0.026255,0.627257,0.066249,"{'classifier__alpha': 0.001, 'classifier__hidden_layer_sizes': (128,)}"
Dataset5,Phase2_ReliefF,Fold 7,0.819415,0.014303,0.225316,0.16303,{'classifier__estimator__C': 1},0.998956,0.010428,0.998951,0.11193,"{'classifier__n_neighbors': 5, 'classifier__weights': 'distance'}",1.0,0.0,1.0,0.0,"{'classifier__max_depth': 10, 'classifier__min_samples_split': 2}",1.0,0.0,1.0,0.0,"{'classifier__max_depth': 10, 'classifier__n_estimators': 100}",0.916493,0.024387,0.645928,0.06188,"{'classifier__alpha': 0.0001, 'classifier__hidden_layer_sizes': (128,)}"
Dataset5,Phase2_ReliefF,Fold 8,0.852818,0.014303,0.545171,0.155189,{'classifier__estimator__C': 10},0.981211,0.009924,0.778849,0.110783,"{'classifier__n_neighbors': 3, 'classifier__weights': 'distance'}",0.998956,0.000345,0.98245,0.005804,"{'classifier__max_depth': 10, 'classifier__min_samples_split': 2}",0.998956,0.000345,0.98245,0.005804,"{'classifier__max_depth': None, 'classifier__n_estimators': 50}",0.957203,0.025717,0.700828,0.059018,"{'classifier__alpha': 0.001, 'classifier__hidden_layer_sizes': (128,)}"
Dataset5,Phase2_ReliefF,Fold 9,0.819415,0.014881,0.225186,0.165174,{'classifier__estimator__C': 1},0.998956,0.010198,0.998951,0.111515,"{'classifier__n_neighbors': 3, 'classifier__weights': 'distance'}",1.0,0.000328,1.0,0.005515,"{'classifier__max_depth': 10, 'classifier__min_samples_split': 2}",1.0,0.000328,1.0,0.005515,"{'classifier__max_depth': 10, 'classifier__n_estimators': 100}",0.911273,0.024672,0.637774,0.056577,"{'classifier__alpha': 0.0001, 'classifier__hidden_layer_sizes': (128,)}"
Dataset5,Phase2_ReliefF,Fold 10,0.886221,0.020383,0.602742,0.163952,{'classifier__estimator__C': 10},0.975992,0.01027,0.729163,0.116084,"{'classifier__n_neighbors': 3, 'classifier__weights': 'distance'}",1.0,0.000313,1.0,0.005265,"{'classifier__max_depth': 10, 'classifier__min_samples_split': 2}",0.998956,0.000418,0.98245,0.00702,"{'classifier__max_depth': 10, 'classifier__n_estimators': 200}",0.943633,0.024122,0.690374,0.05414,"{'classifier__alpha': 0.001, 'classifier__hidden_layer_sizes': (128,)}"
Dataset6,Phase1_Baseline,Fold 1,0.970803,0.0,0.904862,0.0,{'classifier__estimator__C': 10},0.98123,0.0,0.942946,0.0,"{'classifier__n_neighbors': 3, 'classifier__weights': 'distance'}",1.0,0.0,1.0,0.0,"{'classifier__max_depth': 10, 'classifier__min_samples_split': 10}",0.997914,0.0,0.997897,0.0,"{'classifier__max_depth': None, 'classifier__n_estimators': 50}",0.970803,0.0,0.909358,0.0,"{'classifier__alpha': 0.0001, 'classifier__hidden_layer_sizes': (128,)}"
Dataset6,Phase1_Baseline,Fold 2,0.973931,0.001564,0.934056,0.014597,{'classifier__estimator__C': 10},0.978102,0.001564,0.940778,0.001084,"{'classifier__n_neighbors': 3, 'classifier__weights': 'distance'}",1.0,0.0,1.0,0.0,"{'classifier__max_depth': 10, 'classifier__min_samples_split': 2}",1.0,0.001043,1.0,0.001052,"{'classifier__max_depth': None, 'classifier__n_estimators': 100}",0.965589,0.002607,0.915831,0.003237,"{'classifier__alpha': 0.0001, 'classifier__hidden_layer_sizes': (128,)}"
Dataset6,Phase1_Baseline,Fold 3,0.982273,0.004841,0.981404,0.03154,{'classifier__estimator__C': 10},0.987487,0.003902,0.982752,0.019296,"{'classifier__n_neighbors': 3, 'classifier__weights': 'distance'}",1.0,0.0,1.0,0.0,"{'classifier__max_depth': 10, 'classifier__min_samples_split': 2}",1.0,0.000983,1.0,0.000992,"{'classifier__max_depth': None, 'classifier__n_estimators': 200}",0.980188,0.00604,0.96612,0.02537,"{'classifier__alpha': 0.0001, 'classifier__hidden_layer_sizes': (128,)}"
Dataset6,Phase1_Baseline,Fold 4,0.978079,0.004321,0.967412,0.029763,{'classifier__estimator__C': 10},0.983299,0.003408,0.968212,0.017595,"{'classifier__n_neighbors': 3, 'classifier__weights': 'distance'}",1.0,0.0,1.0,0.0,"{'classifier__max_depth': 10, 'classifier__min_samples_split': 2}",1.0,0.000903,1.0,0.000911,"{'classifier__max_depth': None, 'classifier__n_estimators': 200}",0.979123,0.006031,0.973375,0.028783,"{'classifier__alpha': 0.0001, 'classifier__hidden_layer_sizes': (64,)}"
Dataset6,Phase1_Baseline,Fold 5,0.98643,0.005608,0.981362,0.029972,{'classifier__estimator__C': 10},0.984342,0.003133,0.97087,0.016476,"{'classifier__n_neighbors': 3, 'classifier__weights': 'distance'}",1.0,0.0,1.0,0.0,"{'classifier__max_depth': 10, 'classifier__min_samples_split': 2}",1.0,0.000834,1.0,0.000841,"{'classifier__max_depth': None, 'classifier__n_estimators': 200}",0.971816,0.00546,0.94877,0.025923,"{'classifier__alpha': 0.0001, 'classifier__hidden_layer_sizes': (128,)}"
Dataset6,Phase1_Baseline,Fold 6,0.97286,0.005506,0.970537,0.028061,{'classifier__estimator__C': 10},0.980167,0.003035,0.971848,0.015564,"{'classifier__n_neighbors': 3, 'classifier__weights': 'distance'}",1.0,0.0,1.0,0.0,"{'classifier__max_depth': 10, 'classifier__min_samples_split': 2}",1.0,0.000777,1.0,0.000784,"{'classifier__max_depth': None, 'classifier__n_estimators': 100}",0.964509,0.006006,0.95646,0.024214,"{'classifier__alpha': 0.0001, 'classifier__hidden_layer_sizes': (128,)}"
Dataset6,Phase1_Baseline,Fold 7,0.982255,0.005374,0.956726,0.02598,{'classifier__estimator__C': 10},0.984342,0.002888,0.975964,0.015117,"{'classifier__n_neighbors': 5, 'classifier__weights': 'distance'}",1.0,0.0,1.0,0.0,"{'classifier__max_depth': 10, 'classifier__min_samples_split': 2}",0.998956,0.00076,0.998951,0.000766,"{'classifier__max_depth': None, 'classifier__n_estimators': 50}",0.971816,0.005561,0.938247,0.022542,"{'classifier__alpha': 0.001, 'classifier__hidden_layer_sizes': (64,)}"
Dataset6,Phase1_Baseline,Fold 8,0.985386,0.005576,0.960107,0.024329,{'classifier__estimator__C': 10},0.982255,0.002706,0.96654,0.014153,"{'classifier__n_neighbors': 3, 'classifier__weights': 'distance'}",0.998956,0.000345,0.98245,0.005804,"{'classifier__max_depth': 10, 'classifier__min_samples_split': 2}",1.0,0.000726,1.0,0.000732,"{'classifier__max_depth': None, 'classifier__n_estimators': 50}",0.982255,0.006214,0.952613,0.021276,"{'classifier__alpha': 0.0001, 'classifier__hidden_layer_sizes': (128,)}"
Dataset6,Phase1_Baseline,Fold 9,0.988518,0.006048,0.988113,0.024928,{'classifier__estimator__C': 10},0.988518,0.003147,0.979771,0.014129,"{'classifier__n_neighbors': 5, 'classifier__weights': 'distance'}",1.0,0.000328,1.0,0.005515,"{'classifier__max_depth': 10, 'classifier__min_samples_split': 2}",1.0,0.000695,1.0,0.000701,"{'classifier__max_depth': None, 'classifier__n_estimators': 50}",0.977035,0.005977,0.96718,0.021226,"{'classifier__alpha': 0.0001, 'classifier__hidden_layer_sizes': (128,)}"
Dataset6,Phase1_Baseline,Fold 10,0.979123,0.005745,0.973475,0.023966,{'classifier__estimator__C': 10},0.983299,0.002986,0.969542,0.013432,"{'classifier__n_neighbors': 5, 'classifier__weights': 'distance'}",1.0,0.000313,1.0,0.005265,"{'classifier__max_depth': 10, 'classifier__min_samples_split': 2}",1.0,0.000668,1.0,0.000673,"{'classifier__max_depth': None, 'classifier__n_estimators': 200}",0.975992,0.005713,0.965854,0.020872,"{'classifier__alpha': 0.001, 'classifier__hidden_layer_sizes': (128,)}"
Dataset6,Phase2_ReliefF,Fold 1,0.834202,0.0,0.695792,0.0,{'classifier__estimator__C': 10},0.989572,0.0,0.96465,0.0,"{'classifier__n_neighbors': 5, 'classifier__weights': 'distance'}",1.0,0.0,1.0,0.0,"{'classifier__max_depth': 10, 'classifier__min_samples_split': 2}",1.0,0.0,1.0,0.0,"{'classifier__max_depth': 10, 'classifier__n_estimators': 50}",0.906152,0.0,0.789046,0.0,"{'classifier__alpha': 0.0001, 'classifier__hidden_layer_sizes': (128,)}"
Dataset6,Phase2_ReliefF,Fold 2,0.8561,0.010949,0.530652,0.08257,{'classifier__estimator__C': 10},0.973931,0.007821,0.768418,0.098116,"{'classifier__n_neighbors': 3, 'classifier__weights': 'distance'}",1.0,0.0,1.0,0.0,"{'classifier__max_depth': 10, 'classifier__min_samples_split': 2}",1.0,0.0,1.0,0.0,"{'classifier__max_depth': None, 'classifier__n_estimators': 50}",0.954119,0.023983,0.687524,0.050761,"{'classifier__alpha': 0.001, 'classifier__hidden_layer_sizes': (128,)}"
Dataset6,Phase2_ReliefF,Fold 3,0.855057,0.010086,0.554259,0.072923,{'classifier__estimator__C': 1},0.979145,0.006503,0.802955,0.085534,"{'classifier__n_neighbors': 3, 'classifier__weights': 'distance'}",1.0,0.0,1.0,0.0,"{'classifier__max_depth': 10, 'classifier__min_samples_split': 2}",1.0,0.0,1.0,0.0,"{'classifier__max_depth': None, 'classifier__n_estimators': 100}",0.904067,0.023119,0.611544,0.072715,"{'classifier__alpha': 0.0001, 'classifier__hidden_layer_sizes': (128,)}"
Dataset6,Phase2_ReliefF,Fold 4,0.819415,0.01531,0.225186,0.17156,{'classifier__estimator__C': 1},0.994781,0.008242,0.968702,0.091326,"{'classifier__n_neighbors': 5, 'classifier__weights': 'distance'}",1.0,0.0,1.0,0.0,"{'classifier__max_depth': 10, 'classifier__min_samples_split': 2}",1.0,0.0,1.0,0.0,"{'classifier__max_depth': 10, 'classifier__n_estimators': 50}",0.897704,0.022507,0.596337,0.07635,"{'classifier__alpha': 0.0001, 'classifier__hidden_layer_sizes': (128,)}"
Dataset6,Phase2_ReliefF,Fold 5,0.831942,0.014185,0.439112,0.155463,{'classifier__estimator__C': 10},0.997912,0.009151,0.997921,0.095098,"{'classifier__n_neighbors': 11, 'classifier__weights': 'distance'}",1.0,0.0,1.0,0.0,"{'classifier__max_depth': 10, 'classifier__min_samples_split': 2}",1.0,0.0,1.0,0.0,"{'classifier__max_depth': 10, 'classifier__n_estimators': 50}",0.963466,0.027806,0.704445,0.069579,"{'classifier__alpha': 0.0001, 'classifier__hidden_layer_sizes': (128,)}"
Dataset6,Phase2_ReliefF,Fold 6,0.846555,0.013225,0.537135,0.143046,{'classifier__estimator__C': 10},0.97286,0.009891,0.716578,0.110617,"{'classifier__n_neighbors': 5, 'classifier__weights': 'distance'}",1.0,0.0,1.0,0.0,"{'classifier__max_depth': 10, 'classifier__min_samples_split': 2}",1.0,0.0,1.0,0.0,"{'classifier__max_depth': None, 'classifier__n_estimators': 50}",0.907098,0.026255,0.627257,0.066249,"{'classifier__alpha': 0.001, 'classifier__hidden_layer_sizes': (128,)}"
Dataset6,Phase2_ReliefF,Fold 7,0.819415,0.014303,0.225316,0.16303,{'classifier__estimator__C': 1},0.998956,0.010428,0.998951,0.11193,"{'classifier__n_neighbors': 5, 'classifier__weights': 'distance'}",1.0,0.0,1.0,0.0,"{'classifier__max_depth': 10, 'classifier__min_samples_split': 2}",1.0,0.0,1.0,0.0,"{'classifier__max_depth': 10, 'classifier__n_estimators': 100}",0.916493,0.024387,0.645928,0.06188,"{'classifier__alpha': 0.0001, 'classifier__hidden_layer_sizes': (128,)}"
Dataset6,Phase2_ReliefF,Fold 8,0.852818,0.014303,0.545171,0.155189,{'classifier__estimator__C': 10},0.981211,0.009924,0.778849,0.110783,"{'classifier__n_neighbors': 3, 'classifier__weights': 'distance'}",0.998956,0.000345,0.98245,0.005804,"{'classifier__max_depth': 10, 'classifier__min_samples_split': 2}",0.998956,0.000345,0.98245,0.005804,"{'classifier__max_depth': None, 'classifier__n_estimators': 50}",0.957203,0.025717,0.700828,0.059018,"{'classifier__alpha': 0.001, 'classifier__hidden_layer_sizes': (128,)}"
Dataset6,Phase2_ReliefF,Fold 9,0.819415,0.014881,0.225186,0.165174,{'classifier__estimator__C': 1},0.998956,0.010198,0.998951,0.111515,"{'classifier__n_neighbors': 3, 'classifier__weights': 'distance'}",1.0,0.000328,1.0,0.005515,"{'classifier__max_depth': 10, 'classifier__min_samples_split': 2}",1.0,0.000328,1.0,0.005515,"{'classifier__max_depth': 10, 'classifier__n_estimators': 100}",0.911273,0.024672,0.637774,0.056577,"{'classifier__alpha': 0.0001, 'classifier__hidden_layer_sizes': (128,)}"
Dataset6,Phase2_ReliefF,Fold 10,0.886221,0.020383,0.602742,0.163952,{'classifier__estimator__C': 10},0.975992,0.01027,0.729163,0.116084,"{'classifier__n_neighbors': 3, 'classifier__weights': 'distance'}",1.0,0.000313,1.0,0.005265,"{'classifier__max_depth': 10, 'classifier__min_samples_split': 2}",0.998956,0.000418,0.98245,0.00702,"{'classifier__max_depth': 10, 'classifier__n_estimators': 200}",0.943633,0.024122,0.690374,0.05414,"{'classifier__alpha': 0.001, 'classifier__hidden_layer_sizes': (128,)}"
Dataset7,Phase1_Baseline,Fold 1,0.984359,0.0,0.735137,0.0,{'classifier__estimator__C': 10},0.979145,0.0,0.718237,0.0,"{'classifier__n_neighbors': 5, 'classifier__weights': 'distance'}",1.0,0.0,1.0,0.0,"{'classifier__max_depth': 10, 'classifier__min_samples_split': 2}",0.998957,0.0,0.998988,0.0,"{'classifier__max_depth': None, 'classifier__n_estimators': 200}",0.96976,0.0,0.704002,0.0,"{'classifier__alpha': 0.0001, 'classifier__hidden_layer_sizes': (128,)}"
Dataset7,Phase1_Baseline,Fold 2,0.971846,0.006257,0.71314,0.010999,{'classifier__estimator__C': 10},0.985401,0.003128,0.727977,0.00487,"{'classifier__n_neighbors': 5, 'classifier__weights': 'distance'}",1.0,0.0,1.0,0.0,"{'classifier__max_depth': 10, 'classifier__min_samples_split': 2}",1.0,0.000521,1.0,0.000506,"{'classifier__max_depth': None, 'classifier__n_estimators': 50}",0.968717,0.000521,0.705753,0.000876,"{'classifier__alpha': 0.0001, 'classifier__hidden_layer_sizes': (64,)}"
Dataset7,Phase1_Baseline,Fold 3,0.982273,0.005474,0.728875,0.009254,{'classifier__estimator__C': 10},0.987487,0.003545,0.725966,0.004199,"{'classifier__n_neighbors': 3, 'classifier__weights': 'distance'}",1.0,0.0,1.0,0.0,"{'classifier__max_depth': 10, 'classifier__min_samples_split': 2}",1.0,0.000492,1.0,0.000477,"{'classifier__max_depth': None, 'classifier__n_estimators': 50}",0.974974,0.002737,0.716698,0.005618,"{'classifier__alpha': 0.0001, 'classifier__hidden_layer_sizes': (64,)}"
Dataset7,Phase1_Baseline,Fold 4,0.981211,0.004798,0.957151,0.100534,{'classifier__estimator__C': 10},0.98643,0.003244,0.971164,0.107061,"{'classifier__n_neighbors': 3, 'classifier__weights': 'distance'}",1.0,0.0,1.0,0.0,"{'classifier__max_depth': 10, 'classifier__min_samples_split': 2}",1.0,0.000452,1.0,0.000438,"{'classifier__max_depth': None, 'classifier__n_estimators': 100}",0.98643,0.007028,0.964331,0.110748,"{'classifier__alpha': 0.0001, 'classifier__hidden_layer_sizes': (128,)}"
Dataset7,Phase1_Baseline,Fold 5,0.981211,0.004323,0.974639,0.11801,{'classifier__estimator__C': 10},0.984342,0.002903,0.973085,0.121572,"{'classifier__n_neighbors': 3, 'classifier__weights': 'distance'}",1.0,0.0,1.0,0.0,"{'classifier__max_depth': 10, 'classifier__min_samples_split': 2}",1.0,0.000417,1.0,0.000405,"{'classifier__max_depth': None, 'classifier__n_estimators': 50}",0.978079,0.006408,0.964811,0.125369,"{'classifier__alpha': 0.001, 'classifier__hidden_layer_sizes': (128,)}"
Dataset7,Phase1_Baseline,Fold 6,0.979123,0.003966,0.729707,0.113062,{'classifier__estimator__C': 10},0.979123,0.003336,0.714224,0.118188,"{'classifier__n_neighbors': 3, 'classifier__weights': 'distance'}",1.0,0.0,1.0,0.0,"{'classifier__max_depth': 10, 'classifier__min_samples_split': 2}",0.998956,0.000492,0.998993,0.000476,"{'classifier__max_depth': None, 'classifier__n_estimators': 200}",0.968685,0.006391,0.714819,0.119941,"{'classifier__alpha': 0.001, 'classifier__hidden_layer_sizes': (128,)}"
Dataset7,Phase1_Baseline,Fold 7,0.982255,0.003755,0.728658,0.108156,{'classifier__estimator__C': 10},0.989562,0.003717,0.985678,0.126354,"{'classifier__n_neighbors': 3, 'classifier__weights': 'distance'}",1.0,0.0,1.0,0.0,"{'classifier__max_depth': 10, 'classifier__min_samples_split': 2}",1.0,0.000471,1.0,0.000456,"{'classifier__max_depth': None, 'classifier__n_estimators': 200}",0.979123,0.00614,0.725562,0.113676,"{'classifier__alpha': 0.0001, 'classifier__hidden_layer_sizes': (128,)}"
Dataset7,Phase1_Baseline,Fold 8,0.981211,0.003525,0.731933,0.10332,{'classifier__estimator__C': 10},0.992693,0.004408,0.738842,0.122052,"{'classifier__n_neighbors': 3, 'classifier__weights': 'distance'}",1.0,0.0,1.0,0.0,"{'classifier__max_depth': 10, 'classifier__min_samples_split': 2}",1.0,0.000452,1.0,0.000437,"{'classifier__max_depth': None, 'classifier__n_estimators': 200}",0.983299,0.006349,0.978814,0.124135,"{'classifier__alpha': 0.0001, 'classifier__hidden_layer_sizes': (64,)}"
Dataset7,Phase1_Baseline,Fold 9,0.974948,0.003744,0.720844,0.099632,{'classifier__estimator__C': 10},0.984342,0.004172,0.726651,0.118706,"{'classifier__n_neighbors': 5, 'classifier__weights': 'distance'}",1.0,0.0,1.0,0.0,"{'classifier__max_depth': 10, 'classifier__min_samples_split': 2}",0.998956,0.000492,0.998993,0.000475,"{'classifier__max_depth': None, 'classifier__n_estimators': 50}",0.977035,0.005993,0.714396,0.12078,"{'classifier__alpha': 0.001, 'classifier__hidden_layer_sizes': (128,)}"
Dataset7,Phase1_Baseline,Fold 10,0.973904,0.003972,0.724023,0.096,{'classifier__estimator__C': 10},0.979123,0.004382,0.975289,0.123158,"{'classifier__n_neighbors': 3, 'classifier__weights': 'distance'}",1.0,0.0,1.0,0.0,"{'classifier__max_depth': 10, 'classifier__min_samples_split': 2}",1.0,0.000478,1.0,0.000462,"{'classifier__max_depth': None, 'classifier__n_estimators': 50}",0.971816,0.005838,0.966552,0.125147,"{'classifier__alpha': 0.0001, 'classifier__hidden_layer_sizes': (128,)}"
Dataset7,Phase2_ReliefF,Fold 1,0.819604,0.0,0.225344,0.0,{'classifier__estimator__C': 1},0.996872,0.0,0.996946,0.0,"{'classifier__n_neighbors': 21, 'classifier__weights': 'distance'}",1.0,0.0,1.0,0.0,"{'classifier__max_depth': 10, 'classifier__min_samples_split': 2}",1.0,0.0,1.0,0.0,"{'classifier__max_depth': 10, 'classifier__n_estimators': 50}",0.922836,0.0,0.656181,0.0,"{'classifier__alpha': 0.0001, 'classifier__hidden_layer_sizes': (128,)}"
Dataset7,Phase2_ReliefF,Fold 2,0.819604,0.0,0.225344,0.0,{'classifier__estimator__C': 1},0.997914,0.000521,0.997981,0.000517,"{'classifier__n_neighbors': 3, 'classifier__weights': 'distance'}",1.0,0.0,1.0,0.0,"{'classifier__max_depth': 10, 'classifier__min_samples_split': 2}",1.0,0.0,1.0,0.0,"{'classifier__max_depth': 10, 'classifier__n_estimators': 50}",0.906152,0.008342,0.620973,0.017604,"{'classifier__alpha': 0.0001, 'classifier__hidden_layer_sizes': (128,)}"
Dataset7,Phase2_ReliefF,Fold 3,0.818561,0.000492,0.225186,7.4e-05,{'classifier__estimator__C': 1},0.998957,0.000851,0.998993,0.000836,"{'classifier__n_neighbors': 5, 'classifier__weights': 'distance'}",1.0,0.0,1.0,0.0,"{'classifier__max_depth': 10, 'classifier__min_samples_split': 2}",1.0,0.0,1.0,0.0,"{'classifier__max_depth': 10, 'classifier__n_estimators': 50}",0.91658,0.006882,0.635558,0.014444,"{'classifier__alpha': 0.0001, 'classifier__hidden_layer_sizes': (128,)}"
Dataset7,Phase2_ReliefF,Fold 4,0.819415,0.000431,0.300249,0.032457,{'classifier__estimator__C': 1},0.998956,0.000864,0.998665,0.000783,"{'classifier__n_neighbors': 3, 'classifier__weights': 'distance'}",1.0,0.0,1.0,0.0,"{'classifier__max_depth': 10, 'classifier__min_samples_split': 2}",1.0,0.0,1.0,0.0,"{'classifier__max_depth': 10, 'classifier__n_estimators': 50}",0.91858,0.006138,0.860221,0.097219,"{'classifier__alpha': 0.0001, 'classifier__hidden_layer_sizes': (128,)}"
Dataset7,Phase2_ReliefF,Fold 5,0.819415,0.000389,0.300249,0.036721,{'classifier__estimator__C': 1},0.995825,0.001217,0.994675,0.001555,"{'classifier__n_neighbors': 5, 'classifier__weights': 'distance'}",1.0,0.0,1.0,0.0,"{'classifier__max_depth': 10, 'classifier__min_samples_split': 2}",1.0,0.0,1.0,0.0,"{'classifier__max_depth': 10, 'classifier__n_estimators': 50}",0.915449,0.005495,0.853387,0.108005,"{'classifier__alpha': 0.0001, 'classifier__hidden_layer_sizes': (128,)}"
Dataset7,Phase2_ReliefF,Fold 6,0.819415,0.000357,0.225316,0.035332,{'classifier__estimator__C': 1},1.0,0.001402,1.0,0.001708,"{'classifier__n_neighbors': 3, 'classifier__weights': 'distance'}",1.0,0.0,1.0,0.0,"{'classifier__max_depth': 10, 'classifier__min_samples_split': 2}",1.0,0.0,1.0,0.0,"{'classifier__max_depth': 10, 'classifier__n_estimators': 50}",0.914405,0.005048,0.639679,0.103625,"{'classifier__alpha': 0.0001, 'classifier__hidden_layer_sizes': (128,)}"
Dataset7,Phase2_ReliefF,Fold 7,0.819415,0.000331,0.225316,0.033858,{'classifier__estimator__C': 1},0.997912,0.0013,0.998003,0.001582,"{'classifier__n_neighbors': 21, 'classifier__weights': 'distance'}",1.0,0.0,1.0,0.0,"{'classifier__max_depth': 10, 'classifier__min_samples_split': 2}",1.0,0.0,1.0,0.0,"{'classifier__max_depth': 10, 'classifier__n_estimators': 50}",0.900835,0.006984,0.612121,0.101987,"{'classifier__alpha': 0.0001, 'classifier__hidden_layer_sizes': (128,)}"
Dataset7,Phase2_ReliefF,Fold 8,0.819415,0.000311,0.225316,0.032452,{'classifier__estimator__C': 1},0.998956,0.001251,0.998999,0.001524,"{'classifier__n_neighbors': 3, 'classifier__weights': 'distance'}",1.0,0.0,1.0,0.0,"{'classifier__max_depth': 10, 'classifier__min_samples_split': 2}",1.0,0.0,1.0,0.0,"{'classifier__max_depth': 10, 'classifier__n_estimators': 50}",0.906054,0.006987,0.621509,0.098602,"{'classifier__alpha': 0.0001, 'classifier__hidden_layer_sizes': (128,)}"
Dataset7,Phase2_ReliefF,Fold 9,0.819415,0.000294,0.225316,0.031157,{'classifier__estimator__C': 1},1.0,0.001312,1.0,0.001564,"{'classifier__n_neighbors': 11, 'classifier__weights': 'distance'}",1.0,0.0,1.0,0.0,"{'classifier__max_depth': 10, 'classifier__min_samples_split': 2}",1.0,0.0,1.0,0.0,"{'classifier__max_depth': 10, 'classifier__n_estimators': 50}",0.922756,0.007319,0.656908,0.093457,"{'classifier__alpha': 0.0001, 'classifier__hidden_layer_sizes': (128,)}"
Dataset7,Phase2_ReliefF,Fold 10,0.854906,0.010667,0.483982,0.078393,{'classifier__estimator__C': 10},0.994781,0.001647,0.990507,0.002757,"{'classifier__n_neighbors': 3, 'classifier__weights': 'distance'}",1.0,0.0,1.0,0.0,"{'classifier__max_depth': 10, 'classifier__min_samples_split': 2}",1.0,0.0,1.0,0.0,"{'classifier__max_depth': 10, 'classifier__n_estimators': 50}",0.973904,0.019339,0.7197,0.089304,"{'classifier__alpha': 0.001, 'classifier__hidden_layer_sizes': (128,)}"
Dataset8,Phase1_Baseline,Fold 1,0.984359,0.0,0.735137,0.0,{'classifier__estimator__C': 10},0.979145,0.0,0.718237,0.0,"{'classifier__n_neighbors': 5, 'classifier__weights': 'distance'}",1.0,0.0,1.0,0.0,"{'classifier__max_depth': 10, 'classifier__min_samples_split': 2}",0.998957,0.0,0.998988,0.0,"{'classifier__max_depth': None, 'classifier__n_estimators': 200}",0.96976,0.0,0.704002,0.0,"{'classifier__alpha': 0.0001, 'classifier__hidden_layer_sizes': (128,)}"
Dataset8,Phase1_Baseline,Fold 2,0.971846,0.006257,0.71314,0.010999,{'classifier__estimator__C': 10},0.985401,0.003128,0.727977,0.00487,"{'classifier__n_neighbors': 5, 'classifier__weights': 'distance'}",1.0,0.0,1.0,0.0,"{'classifier__max_depth': 10, 'classifier__min_samples_split': 2}",1.0,0.000521,1.0,0.000506,"{'classifier__max_depth': None, 'classifier__n_estimators': 50}",0.968717,0.000521,0.705753,0.000876,"{'classifier__alpha': 0.0001, 'classifier__hidden_layer_sizes': (64,)}"
Dataset8,Phase1_Baseline,Fold 3,0.982273,0.005474,0.728875,0.009254,{'classifier__estimator__C': 10},0.987487,0.003545,0.725966,0.004199,"{'classifier__n_neighbors': 3, 'classifier__weights': 'distance'}",1.0,0.0,1.0,0.0,"{'classifier__max_depth': 10, 'classifier__min_samples_split': 2}",1.0,0.000492,1.0,0.000477,"{'classifier__max_depth': None, 'classifier__n_estimators': 50}",0.974974,0.002737,0.716698,0.005618,"{'classifier__alpha': 0.0001, 'classifier__hidden_layer_sizes': (64,)}"
Dataset8,Phase1_Baseline,Fold 4,0.981211,0.004798,0.957151,0.100534,{'classifier__estimator__C': 10},0.98643,0.003244,0.971164,0.107061,"{'classifier__n_neighbors': 3, 'classifier__weights': 'distance'}",1.0,0.0,1.0,0.0,"{'classifier__max_depth': 10, 'classifier__min_samples_split': 2}",1.0,0.000452,1.0,0.000438,"{'classifier__max_depth': None, 'classifier__n_estimators': 100}",0.98643,0.007028,0.964331,0.110748,"{'classifier__alpha': 0.0001, 'classifier__hidden_layer_sizes': (128,)}"
Dataset8,Phase1_Baseline,Fold 5,0.981211,0.004323,0.974639,0.11801,{'classifier__estimator__C': 10},0.984342,0.002903,0.973085,0.121572,"{'classifier__n_neighbors': 3, 'classifier__weights': 'distance'}",1.0,0.0,1.0,0.0,"{'classifier__max_depth': 10, 'classifier__min_samples_split': 2}",1.0,0.000417,1.0,0.000405,"{'classifier__max_depth': None, 'classifier__n_estimators': 50}",0.978079,0.006408,0.964811,0.125369,"{'classifier__alpha': 0.001, 'classifier__hidden_layer_sizes': (128,)}"
Dataset8,Phase1_Baseline,Fold 6,0.979123,0.003966,0.729707,0.113062,{'classifier__estimator__C': 10},0.979123,0.003336,0.714224,0.118188,"{'classifier__n_neighbors': 3, 'classifier__weights': 'distance'}",1.0,0.0,1.0,0.0,"{'classifier__max_depth': 10, 'classifier__min_samples_split': 2}",0.998956,0.000492,0.998993,0.000476,"{'classifier__max_depth': None, 'classifier__n_estimators': 200}",0.968685,0.006391,0.714819,0.119941,"{'classifier__alpha': 0.001, 'classifier__hidden_layer_sizes': (128,)}"
Dataset8,Phase1_Baseline,Fold 7,0.982255,0.003755,0.728658,0.108156,{'classifier__estimator__C': 10},0.989562,0.003717,0.985678,0.126354,"{'classifier__n_neighbors': 3, 'classifier__weights': 'distance'}",1.0,0.0,1.0,0.0,"{'classifier__max_depth': 10, 'classifier__min_samples_split': 2}",1.0,0.000471,1.0,0.000456,"{'classifier__max_depth': None, 'classifier__n_estimators': 200}",0.979123,0.00614,0.725562,0.113676,"{'classifier__alpha': 0.0001, 'classifier__hidden_layer_sizes': (128,)}"
Dataset8,Phase1_Baseline,Fold 8,0.981211,0.003525,0.731933,0.10332,{'classifier__estimator__C': 10},0.992693,0.004408,0.738842,0.122052,"{'classifier__n_neighbors': 3, 'classifier__weights': 'distance'}",1.0,0.0,1.0,0.0,"{'classifier__max_depth': 10, 'classifier__min_samples_split': 2}",1.0,0.000452,1.0,0.000437,"{'classifier__max_depth': None, 'classifier__n_estimators': 200}",0.983299,0.006349,0.978814,0.124135,"{'classifier__alpha': 0.0001, 'classifier__hidden_layer_sizes': (64,)}"
Dataset8,Phase1_Baseline,Fold 9,0.974948,0.003744,0.720844,0.099632,{'classifier__estimator__C': 10},0.984342,0.004172,0.726651,0.118706,"{'classifier__n_neighbors': 5, 'classifier__weights': 'distance'}",1.0,0.0,1.0,0.0,"{'classifier__max_depth': 10, 'classifier__min_samples_split': 2}",0.998956,0.000492,0.998993,0.000475,"{'classifier__max_depth': None, 'classifier__n_estimators': 50}",0.977035,0.005993,0.714396,0.12078,"{'classifier__alpha': 0.001, 'classifier__hidden_layer_sizes': (128,)}"
Dataset8,Phase1_Baseline,Fold 10,0.973904,0.003972,0.724023,0.096,{'classifier__estimator__C': 10},0.979123,0.004382,0.975289,0.123158,"{'classifier__n_neighbors': 3, 'classifier__weights': 'distance'}",1.0,0.0,1.0,0.0,"{'classifier__max_depth': 10, 'classifier__min_samples_split': 2}",1.0,0.000478,1.0,0.000462,"{'classifier__max_depth': None, 'classifier__n_estimators': 50}",0.971816,0.005838,0.966552,0.125147,"{'classifier__alpha': 0.0001, 'classifier__hidden_layer_sizes': (128,)}"
Dataset8,Phase2_ReliefF,Fold 1,0.819604,0.0,0.225344,0.0,{'classifier__estimator__C': 1},0.996872,0.0,0.996946,0.0,"{'classifier__n_neighbors': 21, 'classifier__weights': 'distance'}",1.0,0.0,1.0,0.0,"{'classifier__max_depth': 10, 'classifier__min_samples_split': 2}",1.0,0.0,1.0,0.0,"{'classifier__max_depth': 10, 'classifier__n_estimators': 50}",0.922836,0.0,0.656181,0.0,"{'classifier__alpha': 0.0001, 'classifier__hidden_layer_sizes': (128,)}"
Dataset8,Phase2_ReliefF,Fold 2,0.819604,0.0,0.225344,0.0,{'classifier__estimator__C': 1},0.997914,0.000521,0.997981,0.000517,"{'classifier__n_neighbors': 3, 'classifier__weights': 'distance'}",1.0,0.0,1.0,0.0,"{'classifier__max_depth': 10, 'classifier__min_samples_split': 2}",1.0,0.0,1.0,0.0,"{'classifier__max_depth': 10, 'classifier__n_estimators': 50}",0.906152,0.008342,0.620973,0.017604,"{'classifier__alpha': 0.0001, 'classifier__hidden_layer_sizes': (128,)}"
Dataset8,Phase2_ReliefF,Fold 3,0.818561,0.000492,0.225186,7.4e-05,{'classifier__estimator__C': 1},0.998957,0.000851,0.998993,0.000836,"{'classifier__n_neighbors': 5, 'classifier__weights': 'distance'}",1.0,0.0,1.0,0.0,"{'classifier__max_depth': 10, 'classifier__min_samples_split': 2}",1.0,0.0,1.0,0.0,"{'classifier__max_depth': 10, 'classifier__n_estimators': 50}",0.91658,0.006882,0.635558,0.014444,"{'classifier__alpha': 0.0001, 'classifier__hidden_layer_sizes': (128,)}"
Dataset8,Phase2_ReliefF,Fold 4,0.819415,0.000431,0.300249,0.032457,{'classifier__estimator__C': 1},0.998956,0.000864,0.998665,0.000783,"{'classifier__n_neighbors': 3, 'classifier__weights': 'distance'}",1.0,0.0,1.0,0.0,"{'classifier__max_depth': 10, 'classifier__min_samples_split': 2}",1.0,0.0,1.0,0.0,"{'classifier__max_depth': 10, 'classifier__n_estimators': 50}",0.91858,0.006138,0.860221,0.097219,"{'classifier__alpha': 0.0001, 'classifier__hidden_layer_sizes': (128,)}"
Dataset8,Phase2_ReliefF,Fold 5,0.819415,0.000389,0.300249,0.036721,{'classifier__estimator__C': 1},0.995825,0.001217,0.994675,0.001555,"{'classifier__n_neighbors': 5, 'classifier__weights': 'distance'}",1.0,0.0,1.0,0.0,"{'classifier__max_depth': 10, 'classifier__min_samples_split': 2}",1.0,0.0,1.0,0.0,"{'classifier__max_depth': 10, 'classifier__n_estimators': 50}",0.915449,0.005495,0.853387,0.108005,"{'classifier__alpha': 0.0001, 'classifier__hidden_layer_sizes': (128,)}"
Dataset8,Phase2_ReliefF,Fold 6,0.819415,0.000357,0.225316,0.035332,{'classifier__estimator__C': 1},1.0,0.001402,1.0,0.001708,"{'classifier__n_neighbors': 3, 'classifier__weights': 'distance'}",1.0,0.0,1.0,0.0,"{'classifier__max_depth': 10, 'classifier__min_samples_split': 2}",1.0,0.0,1.0,0.0,"{'classifier__max_depth': 10, 'classifier__n_estimators': 50}",0.914405,0.005048,0.639679,0.103625,"{'classifier__alpha': 0.0001, 'classifier__hidden_layer_sizes': (128,)}"
Dataset8,Phase2_ReliefF,Fold 7,0.819415,0.000331,0.225316,0.033858,{'classifier__estimator__C': 1},0.997912,0.0013,0.998003,0.001582,"{'classifier__n_neighbors': 21, 'classifier__weights': 'distance'}",1.0,0.0,1.0,0.0,"{'classifier__max_depth': 10, 'classifier__min_samples_split': 2}",1.0,0.0,1.0,0.0,"{'classifier__max_depth': 10, 'classifier__n_estimators': 50}",0.900835,0.006984,0.612121,0.101987,"{'classifier__alpha': 0.0001, 'classifier__hidden_layer_sizes': (128,)}"
Dataset8,Phase2_ReliefF,Fold 8,0.819415,0.000311,0.225316,0.032452,{'classifier__estimator__C': 1},0.998956,0.001251,0.998999,0.001524,"{'classifier__n_neighbors': 3, 'classifier__weights': 'distance'}",1.0,0.0,1.0,0.0,"{'classifier__max_depth': 10, 'classifier__min_samples_split': 2}",1.0,0.0,1.0,0.0,"{'classifier__max_depth': 10, 'classifier__n_estimators': 50}",0.906054,0.006987,0.621509,0.098602,"{'classifier__alpha': 0.0001, 'classifier__hidden_layer_sizes': (128,)}"
Dataset8,Phase2_ReliefF,Fold 9,0.819415,0.000294,0.225316,0.031157,{'classifier__estimator__C': 1},1.0,0.001312,1.0,0.001564,"{'classifier__n_neighbors': 11, 'classifier__weights': 'distance'}",1.0,0.0,1.0,0.0,"{'classifier__max_depth': 10, 'classifier__min_samples_split': 2}",1.0,0.0,1.0,0.0,"{'classifier__max_depth': 10, 'classifier__n_estimators': 50}",0.922756,0.007319,0.656908,0.093457,"{'classifier__alpha': 0.0001, 'classifier__hidden_layer_sizes': (128,)}"
Dataset8,Phase2_ReliefF,Fold 10,0.854906,0.010667,0.483982,0.078393,{'classifier__estimator__C': 10},0.994781,0.001647,0.990507,0.002757,"{'classifier__n_neighbors': 3, 'classifier__weights': 'distance'}",1.0,0.0,1.0,0.0,"{'classifier__max_depth': 10, 'classifier__min_samples_split': 2}",1.0,0.0,1.0,0.0,"{'classifier__max_depth': 10, 'classifier__n_estimators': 50}",0.973904,0.019339,0.7197,0.089304,"{'classifier__alpha': 0.001, 'classifier__hidden_layer_sizes': (128,)}"
